Transaction_ID,Customer_ID,Transaction_Amount,Transaction_Hour,Transaction_Frequency_24H,Location,Location_Distance_KM,Device_Change,International_Transaction,Login_Attempts,Account_Age_Days,Previous_Transaction_Avg,Amount_Deviation,Merchant_Risk_Score,Transaction_Duration_Sec,Account_Balance,Transaction_Type,Channel,Fraud_Label,Amount_to_Balance_Ratio
TX00522,C1168,633.32,18,5,Warangal,15.73,0,0,2,290,602.82,0.051,0.446,53.43,8965.93,Online,Web,0,0.0706
TX00738,C1190,883.31,11,6,Warangal,13.05,0,0,0,615,1119.94,0.211,0.299,22.95,12562.14,Online,POS,0,0.0703
TX00741,C1217,1333.5,12,4,Visakhapatnam,1.06,0,0,0,741,1265.47,0.054,0.135,49.53,5778.5,Online,Mobile,0,0.2308
TX00661,C1165,553.36,17,5,Guntur,10.53,0,0,0,452,493.15,0.122,0.186,43.17,7442.51,POS,Mobile,0,0.0744
TX00412,C1031,718.22,10,4,Warangal,6.98,0,0,0,770,763.62,0.059,0.346,28.99,2989.66,POS,Mobile,0,0.2402
TX00679,C1010,1181.95,18,8,Warangal,8.79,0,0,2,2885,1366.81,0.135,0.183,37.58,10462.41,Online,ATM,0,0.113
TX00627,C1298,757.02,10,2,Visakhapatnam,1.52,0,0,0,2375,667.98,0.133,0.112,88.17,2990.2,POS,POS,0,0.2532
TX00514,C1102,761.05,16,4,Vijayawada,10.64,0,0,0,1075,855.6,0.111,0.082,32.74,8175.69,Online,Mobile,0,0.0931
TX00860,C1184,1115.36,17,4,Guntur,11.62,0,0,0,889,1069.95,0.042,0.204,54.64,11035.02,Online,Mobile,0,0.1011
TX00137,C1092,1097.87,11,6,Warangal,2.17,0,0,0,2821,1049.25,0.046,0.503,55.6,14168.22,Online,ATM,0,0.0775
TX00812,C1282,717.28,16,5,Vijayawada,7.19,0,0,0,188,700.9,0.023,0.458,16.26,5897.98,POS,Web,0,0.1216
TX00077,C1154,700.1,13,5,Visakhapatnam,7.47,0,0,0,1487,713.49,0.019,0.084,48.21,4398.86,POS,Mobile,0,0.1592
TX00637,C1279,680.03,11,8,Vijayawada,2.7,0,0,0,810,635.03,0.071,0.108,48.66,2663.06,POS,Web,0,0.2554
TX00974,C1137,14526.84,4,10,New York,1745.27,1,1,6,709,1107.89,12.112,0.85,2.0,23841.46,Online,POS,1,0.6093
TX00939,C1030,17857.04,2,25,Singapore,7875.79,1,1,6,526,1242.14,13.376,0.86,7.3,14777.33,ATM,Mobile,1,1.2084
TX00900,C1198,991.48,14,8,Vijayawada,6.11,0,0,0,2241,1013.4,0.022,0.127,52.46,14599.91,Online,Web,0,0.0679
TX00281,C1081,1458.05,10,5,Warangal,4.46,0,0,1,2831,1171.49,0.245,0.037,26.0,13997.37,Online,POS,0,0.1042
TX00884,C1138,973.22,13,3,Guntur,3.58,0,0,0,581,953.91,0.02,0.131,30.7,12403.91,Online,POS,0,0.0785
TX00762,C1205,724.59,14,2,Vijayawada,2.85,0,1,1,2387,849.34,0.147,0.229,28.13,5199.12,Online,Mobile,0,0.1394
TX00320,C1134,571.7,18,4,Vijayawada,2.96,1,0,0,2465,561.14,0.019,0.126,51.35,5898.69,Online,POS,0,0.0969
TX00550,C1002,322.91,12,6,Hyderabad,8.38,0,0,0,2372,353.37,0.086,0.202,59.33,3403.96,ATM,Mobile,0,0.0949
TX00175,C1033,509.1,19,2,Visakhapatnam,1.25,0,0,0,1481,363.63,0.4,0.1,43.58,2887.7,Online,Mobile,0,0.1763
TX00372,C1194,616.85,10,2,Visakhapatnam,3.12,0,0,0,912,621.24,0.007,0.325,31.64,3079.32,Online,Mobile,0,0.2003
TX00528,C1151,690.98,13,8,Hyderabad,1.8,0,0,0,1751,720.24,0.041,0.118,65.08,4326.82,POS,Mobile,0,0.1597
TX00211,C1165,605.63,14,5,Visakhapatnam,3.37,0,0,0,2825,489.01,0.238,0.34,34.93,3466.42,POS,POS,0,0.1747
TX00236,C1250,433.72,16,2,Hyderabad,11.14,0,0,1,1532,456.75,0.05,0.141,35.1,2831.87,POS,POS,0,0.1532
TX00102,C1273,740.49,11,1,Warangal,19.82,0,0,0,2140,709.77,0.043,0.022,49.22,4015.38,POS,POS,0,0.1844
TX00987,C1196,17288.48,2,18,Unknown,6792.71,1,1,4,493,516.12,32.497,0.614,3.53,23588.96,Online,Mobile,1,0.7329
TX00903,C1089,44447.68,3,29,Singapore,583.85,1,1,5,413,502.38,87.474,0.9,10.19,39167.56,Online,Mobile,1,1.1348
TX00948,C1011,58917.77,4,32,London,6943.59,1,1,8,646,886.37,65.471,0.787,14.72,80890.98,Online,Mobile,1,0.7284
TX00347,C1044,1090.72,17,4,Guntur,12.88,0,0,0,2420,1036.68,0.052,0.131,34.84,14229.09,Online,Mobile,0,0.0767
TX00140,C1275,247.91,10,6,Hyderabad,16.24,0,0,0,807,258.45,0.041,0.164,21.27,1413.53,Online,Mobile,0,0.1754
TX00622,C1026,691.13,12,5,Guntur,7.75,0,0,0,930,667.91,0.035,0.032,23.75,9626.92,POS,Mobile,0,0.0718
TX00500,C1031,1454.95,10,3,Vijayawada,5.49,0,0,0,2534,1330.87,0.093,0.173,36.36,12877.75,POS,Mobile,0,0.113
TX00371,C1182,514.33,13,3,Hyderabad,6.13,0,0,0,1163,574.95,0.105,0.415,45.8,2308.46,ATM,Mobile,0,0.2228
TX00199,C1067,776.11,22,2,Guntur,8.96,0,0,1,2810,839.31,0.075,0.033,53.91,3200.72,Online,Web,0,0.2425
TX00688,C1254,511.83,12,1,Vijayawada,19.01,0,0,0,1778,428.53,0.194,0.351,39.17,6697.33,POS,Mobile,0,0.0764
TX00585,C1248,528.61,9,2,Hyderabad,13.54,0,0,0,2611,500.62,0.056,0.251,63.49,4664.63,POS,Web,0,0.1133
TX00902,C1209,65557.18,5,27,New York,5673.67,1,1,7,558,1024.67,62.979,0.706,17.82,47011.88,POS,Mobile,1,1.3945
TX00060,C1296,584.09,15,6,Visakhapatnam,4.8,0,0,0,2849,604.4,0.034,0.111,15.04,2325.51,ATM,ATM,0,0.2512
TX00329,C1021,582.92,10,4,Hyderabad,19.6,0,0,1,2300,506.83,0.15,0.097,45.89,2135.23,Online,Mobile,0,0.273
TX00097,C1054,631.45,9,3,Guntur,5.85,0,0,0,672,598.75,0.055,0.118,45.95,8506.76,POS,Mobile,0,0.0742
TX00313,C1044,493.75,13,5,Hyderabad,2.88,0,0,0,2419,415.21,0.189,0.109,59.99,2627.84,POS,Web,0,0.1879
TX00975,C1122,29769.82,5,27,London,1207.39,1,1,7,648,511.43,57.209,0.926,10.11,36957.3,Online,Mobile,1,0.8055
TX00300,C1110,846.05,12,5,Visakhapatnam,17.44,0,0,0,1766,846.57,0.001,0.015,51.76,10696.38,Online,ATM,0,0.0791
TX00278,C1228,1155.64,9,5,Guntur,1.84,0,0,0,2495,921.6,0.254,0.135,36.29,8887.52,POS,Mobile,0,0.13
TX00925,C1226,26822.92,4,13,Singapore,1622.65,1,1,6,1093,959.71,26.949,0.898,2.0,14990.12,Online,Mobile,1,1.7894
TX00602,C1025,709.39,14,2,Hyderabad,13.95,0,0,0,2911,776.68,0.087,0.382,53.6,5248.3,POS,Mobile,0,0.1352
TX00440,C1231,326.46,18,3,Hyderabad,7.84,0,0,0,2047,260.11,0.255,0.184,52.92,1000.0,Online,Web,0,0.3265
TX00838,C1031,557.68,10,1,Visakhapatnam,6.12,0,0,0,2437,620.71,0.102,0.119,10.0,4288.12,POS,Mobile,0,0.1301
TX00571,C1247,851.73,18,3,Visakhapatnam,4.71,0,0,0,1913,978.13,0.129,0.134,33.04,9028.47,POS,Mobile,0,0.0943
TX00880,C1171,545.78,18,2,Warangal,13.68,0,0,0,1444,676.24,0.193,0.021,40.41,2211.54,ATM,Web,0,0.2468
TX00262,C1215,338.84,12,4,Hyderabad,0.5,0,0,0,1486,312.86,0.083,0.039,53.76,2608.86,Online,POS,0,0.1299
TX00579,C1245,787.3,11,3,Vijayawada,6.15,0,0,0,2063,819.88,0.04,0.302,51.69,5296.42,ATM,Mobile,0,0.1486
TX00024,C1081,701.45,11,1,Warangal,12.71,0,0,0,512,774.77,0.095,0.112,49.45,4951.91,POS,Mobile,0,0.1417
TX00031,C1116,443.1,14,3,Guntur,5.21,0,0,0,2033,381.47,0.162,0.029,44.12,4815.35,POS,Mobile,0,0.092
TX00618,C1130,1007.85,16,3,Visakhapatnam,27.3,0,0,0,527,920.85,0.094,0.124,53.35,14354.46,Online,POS,0,0.0702
TX00011,C1071,1037.02,13,1,Guntur,6.96,0,0,0,1433,1030.65,0.006,0.404,45.08,5055.15,Online,Web,0,0.2051
TX00222,C1016,568.28,15,4,Hyderabad,24.9,0,0,0,482,599.52,0.052,0.185,38.36,2438.54,POS,POS,0,0.233
TX00821,C1130,700.81,18,5,Hyderabad,5.04,0,0,0,2256,698.65,0.003,0.163,79.47,4984.62,Online,Mobile,0,0.1406
TX00297,C1194,846.41,11,5,Guntur,3.16,0,0,1,1935,949.59,0.109,0.095,47.77,6773.92,Online,Mobile,0,0.125
TX00055,C1002,614.53,12,2,Visakhapatnam,0.5,0,0,0,1025,589.1,0.043,0.059,60.75,5294.75,Online,POS,0,0.1161
TX00543,C1020,476.08,18,6,Hyderabad,5.21,0,0,0,1146,510.54,0.067,0.101,47.96,3395.81,Online,Mobile,0,0.1402
TX00210,C1027,786.43,16,4,Warangal,10.7,0,0,0,1008,784.64,0.002,0.372,91.54,9769.24,Online,Web,0,0.0805
TX00605,C1133,666.35,12,4,Warangal,9.68,0,0,1,2703,798.12,0.165,0.031,83.42,4462.98,POS,Mobile,0,0.1493
TX00693,C1174,746.42,22,5,Warangal,3.33,0,0,0,2871,796.75,0.063,0.269,29.23,9658.43,Online,POS,0,0.0773
TX00663,C1151,856.22,12,1,Warangal,10.02,0,0,0,755,809.55,0.058,0.264,56.67,10531.54,POS,ATM,0,0.0813
TX00867,C1031,886.4,22,3,Visakhapatnam,11.84,0,0,0,1616,967.36,0.084,0.145,21.32,8049.63,Online,Web,0,0.1101
TX00071,C1215,342.65,21,4,Visakhapatnam,23.83,0,0,0,2169,285.92,0.198,0.129,24.02,4882.37,Online,Web,0,0.0702
TX00544,C1113,1132.72,9,4,Guntur,13.83,0,0,0,1857,1150.6,0.016,0.45,10.0,8384.68,POS,POS,0,0.1351
TX00108,C1172,946.56,17,2,Visakhapatnam,26.01,0,0,0,2267,931.57,0.016,0.503,76.88,7765.48,Online,ATM,0,0.1219
TX00494,C1098,1129.58,19,4,Warangal,2.62,0,0,0,2135,1010.57,0.118,0.086,17.56,5913.21,Online,POS,0,0.191
TX00591,C1034,499.8,12,1,Warangal,2.42,0,0,0,1771,501.42,0.003,0.077,22.92,6202.41,POS,ATM,0,0.0806
TX00742,C1015,824.25,15,6,Vijayawada,7.58,0,0,1,272,819.02,0.006,0.016,65.69,10351.65,Online,Web,0,0.0796
TX00293,C1161,938.11,17,4,Visakhapatnam,12.76,0,0,0,1095,1035.25,0.094,0.249,59.97,10920.65,POS,Mobile,0,0.0859
TX00290,C1136,559.49,15,2,Vijayawada,10.47,0,0,0,2955,505.96,0.106,0.284,32.12,5479.89,ATM,POS,0,0.1021
TX00653,C1143,814.74,12,4,Guntur,11.31,0,0,0,2441,763.32,0.067,0.075,46.17,4224.12,Online,POS,0,0.1929
TX00040,C1073,1112.76,13,3,Visakhapatnam,3.68,0,0,0,1142,1096.92,0.014,0.353,59.61,6524.95,POS,Mobile,0,0.1705
TX00590,C1168,546.7,16,5,Warangal,4.42,0,0,0,1135,516.12,0.059,0.22,53.09,2661.84,Online,ATM,0,0.2054
TX00308,C1280,337.71,14,3,Guntur,1.83,0,0,0,1037,319.28,0.058,0.16,41.96,3360.33,Online,Web,0,0.1005
TX00680,C1133,1878.09,16,3,Hyderabad,9.16,0,0,0,369,1683.82,0.115,0.2,49.67,24030.64,Online,Web,0,0.0782
TX00067,C1282,574.26,16,2,Guntur,7.86,0,0,1,1618,470.83,0.22,0.37,50.83,6908.85,POS,Mobile,0,0.0831
TX00276,C1027,599.82,22,4,Guntur,8.41,0,0,0,468,700.98,0.144,0.327,71.59,3024.02,Online,Mobile,0,0.1984
TX00068,C1089,841.99,15,5,Vijayawada,9.5,0,0,0,271,892.22,0.056,0.224,36.25,11039.28,POS,POS,0,0.0763
TX00319,C1046,1110.58,10,10,Hyderabad,10.05,0,0,0,1536,1265.13,0.122,0.478,10.0,16531.09,Online,Mobile,0,0.0672
TX00549,C1172,405.63,13,4,Vijayawada,11.57,0,0,0,2362,327.9,0.237,0.357,37.52,4867.04,ATM,Mobile,0,0.0833
TX00999,C1213,8013.76,23,11,London,820.07,1,1,7,995,1162.32,5.895,0.789,12.32,14597.62,Online,Mobile,1,0.549
TX00715,C1178,512.55,10,3,Vijayawada,0.8,0,0,0,1187,551.57,0.071,0.076,59.13,4082.36,POS,Web,0,0.1256
TX00754,C1009,463.81,11,4,Hyderabad,3.14,1,0,0,2882,440.34,0.053,0.403,32.23,3146.07,POS,Mobile,0,0.1474
TX00328,C1211,692.41,13,7,Visakhapatnam,14.61,0,0,0,2318,654.98,0.057,0.075,73.33,7181.42,POS,Mobile,0,0.0964
TX00383,C1043,272.13,17,4,Warangal,14.29,0,0,1,2194,264.69,0.028,0.193,75.82,2223.46,ATM,POS,0,0.1224
TX00452,C1010,529.35,16,4,Hyderabad,1.31,0,0,1,2440,524.13,0.01,0.447,52.75,3660.91,Online,ATM,0,0.1446
TX00523,C1049,1562.75,14,2,Guntur,1.21,0,0,0,2047,1155.62,0.352,0.269,32.69,10336.4,Online,ATM,0,0.1512
TX00219,C1028,373.18,16,3,Visakhapatnam,8.06,1,0,0,1142,353.0,0.057,0.15,15.74,2572.36,POS,Mobile,0,0.1451
TX00788,C1205,708.41,14,7,Visakhapatnam,13.2,0,0,0,570,529.97,0.337,0.178,39.89,7265.86,Online,POS,0,0.0975
TX00437,C1227,794.93,11,5,Guntur,11.1,1,0,0,2392,722.46,0.1,0.204,53.39,8794.27,Online,Mobile,0,0.0904
TX00765,C1193,915.57,11,2,Visakhapatnam,3.07,0,0,0,825,1029.62,0.111,0.237,38.73,5418.9,Online,ATM,0,0.169
TX00089,C1279,510.76,12,6,Visakhapatnam,8.69,0,0,0,588,501.93,0.018,0.265,49.22,4937.9,POS,ATM,0,0.1034
TX00064,C1195,393.89,14,6,Hyderabad,1.43,0,0,1,1067,434.15,0.093,0.026,57.93,3776.28,POS,POS,0,0.1043
TX00827,C1052,489.07,18,7,Warangal,2.35,0,0,0,1888,438.2,0.116,0.244,35.53,4425.58,POS,POS,0,0.1105
TX00717,C1146,1455.5,16,4,Guntur,10.43,0,0,0,1972,1398.68,0.041,0.145,57.01,20191.41,Online,POS,0,0.0721
TX00352,C1170,1392.64,12,2,Hyderabad,16.05,0,0,2,809,1410.24,0.012,0.131,51.86,7009.61,POS,Web,0,0.1987
TX00937,C1205,29482.56,3,22,London,1343.73,1,1,5,1026,1386.02,20.271,0.784,9.49,12089.02,Online,Mobile,1,2.4388
TX00257,C1045,1091.23,16,3,Warangal,18.7,0,0,0,1739,872.19,0.251,0.485,50.98,14502.05,Online,Mobile,0,0.0752
TX00636,C1109,531.94,19,4,Hyderabad,11.55,1,0,0,2635,499.51,0.065,0.061,38.42,1712.31,POS,Web,0,0.3107
TX00645,C1111,595.78,16,3,Warangal,15.22,0,0,0,2693,647.29,0.08,0.281,75.59,5981.67,POS,Mobile,0,0.0996
TX00555,C1236,566.38,17,3,Warangal,8.28,0,0,0,2964,441.51,0.283,0.155,53.89,6670.59,Online,Mobile,0,0.0849
TX00960,C1283,6721.72,0,17,Singapore,5508.6,1,1,7,590,1071.62,5.272,0.771,15.52,10200.71,Online,Mobile,1,0.6589
TX00169,C1157,504.82,17,4,Hyderabad,17.9,0,0,0,1892,588.41,0.142,0.051,54.39,6024.27,Online,Mobile,0,0.0838
TX00918,C1004,25717.13,0,20,Unknown,4144.65,1,1,4,987,1174.75,20.892,0.839,15.73,36422.18,Online,Mobile,1,0.7061
TX00529,C1147,1716.96,18,3,Vijayawada,18.69,0,0,0,1355,2040.75,0.159,0.252,22.93,9118.38,ATM,Web,0,0.1883
TX00824,C1285,716.05,13,4,Guntur,14.66,0,0,0,2623,746.2,0.04,0.193,31.87,10018.92,POS,Web,0,0.0715
TX00986,C1034,67458.52,2,19,Dubai,4025.41,1,1,4,1171,477.23,140.356,0.79,16.25,59095.55,Online,Web,1,1.1415
TX00817,C1029,941.45,13,9,Warangal,11.32,0,0,1,1798,877.18,0.073,0.33,53.74,4962.12,POS,ATM,0,0.1897
TX00087,C1048,556.27,11,2,Hyderabad,9.73,0,0,0,1548,600.93,0.074,0.097,72.05,5339.09,ATM,Web,0,0.1042
TX00433,C1165,499.59,19,7,Guntur,2.21,0,0,0,1445,527.78,0.053,0.373,25.55,6378.2,POS,Mobile,0,0.0783
TX00185,C1057,1052.54,16,2,Visakhapatnam,19.72,0,0,1,1669,1057.36,0.005,0.486,40.94,11771.25,Online,ATM,0,0.0894
TX00979,C1023,20999.81,5,26,Dubai,5986.49,1,1,9,227,1105.54,17.995,0.711,9.2,37535.54,POS,Mobile,1,0.5595
TX00535,C1052,459.59,15,4,Warangal,3.29,0,0,0,1295,455.59,0.009,0.099,78.61,4922.73,Online,ATM,0,0.0934
TX00295,C1098,1122.21,15,3,Guntur,4.58,0,0,0,2844,1158.67,0.031,0.141,55.33,15016.33,ATM,Mobile,0,0.0747
TX00893,C1186,965.63,13,4,Visakhapatnam,1.47,0,0,0,1731,984.69,0.019,0.139,39.88,3630.77,Online,Mobile,0,0.266
TX00426,C1105,462.73,15,3,Guntur,11.03,0,0,0,1983,380.33,0.217,0.179,52.95,5220.26,POS,ATM,0,0.0886
TX00714,C1272,530.22,22,4,Guntur,3.02,1,0,0,1318,579.51,0.085,0.191,44.88,7343.91,POS,Mobile,0,0.0722
TX00261,C1147,782.58,13,1,Vijayawada,15.28,0,0,0,614,874.92,0.106,0.186,43.16,9475.01,Online,Mobile,0,0.0826
TX00238,C1091,1056.32,13,4,Warangal,6.95,0,0,0,1716,669.69,0.577,0.011,51.18,9575.56,POS,POS,0,0.1103
TX00560,C1113,766.65,14,1,Guntur,2.6,1,0,0,2021,677.19,0.132,0.048,10.73,7710.91,Online,Mobile,0,0.0994
TX00584,C1223,429.87,12,6,Guntur,0.58,0,0,0,1425,400.51,0.073,0.037,40.75,3032.66,Online,POS,0,0.1417
TX00446,C1119,811.8,17,7,Hyderabad,7.0,0,0,0,2623,786.68,0.032,0.272,62.07,2673.76,Online,Mobile,0,0.3036
TX00868,C1058,1603.02,20,2,Vijayawada,7.78,0,0,1,1798,1888.36,0.151,0.136,38.61,19319.21,Online,Mobile,0,0.083
TX00801,C1127,1166.47,13,4,Warangal,14.38,0,0,0,2290,1061.08,0.099,0.044,48.16,9014.02,Online,Mobile,0,0.1294
TX00600,C1199,1402.95,12,5,Visakhapatnam,5.27,0,0,0,623,1236.67,0.134,0.192,28.66,12551.92,POS,ATM,0,0.1118
TX00850,C1274,1179.03,18,4,Vijayawada,11.71,0,0,0,1283,1342.7,0.122,0.188,35.83,5000.66,Online,POS,0,0.2358
TX00266,C1260,550.53,14,6,Vijayawada,6.65,1,0,0,717,416.13,0.323,0.181,56.06,1679.49,Online,Mobile,0,0.3278
TX00996,C1242,19134.0,0,26,London,1039.58,1,1,5,462,812.14,22.56,0.659,11.81,19222.65,Online,Web,1,0.9954
TX00530,C1160,762.42,10,5,Vijayawada,18.56,0,0,0,770,896.47,0.15,0.32,66.1,11165.17,Online,Mobile,0,0.0683
TX00056,C1043,742.73,20,6,Hyderabad,4.76,0,0,2,740,543.94,0.365,0.149,27.25,4132.11,POS,Mobile,0,0.1797
TX00121,C1097,1240.66,16,2,Visakhapatnam,6.02,0,0,0,1662,1614.08,0.231,0.202,50.4,6988.72,POS,POS,0,0.1775
TX00216,C1107,772.17,16,2,Warangal,14.93,0,1,0,1216,737.9,0.046,0.135,54.44,2603.96,POS,Mobile,0,0.2965
TX00026,C1195,1704.71,14,5,Warangal,3.21,0,0,0,2621,1563.22,0.091,0.164,41.2,9068.99,Online,Web,0,0.188
TX00073,C1231,2068.58,18,3,Guntur,8.07,0,0,0,2453,2077.76,0.004,0.056,69.69,17330.08,Online,Web,0,0.1194
TX00045,C1252,979.8,19,3,Vijayawada,17.25,0,0,0,230,777.77,0.26,0.31,39.15,5549.18,ATM,Web,0,0.1766
TX00248,C1237,412.12,14,3,Vijayawada,11.68,0,0,0,1456,450.09,0.084,0.206,42.46,5659.92,Online,Mobile,0,0.0728
TX00722,C1120,1103.24,22,3,Hyderabad,11.32,0,0,0,483,1105.18,0.002,0.294,56.76,15307.43,POS,Web,0,0.0721
TX00282,C1102,762.16,12,3,Warangal,8.62,0,0,0,1383,683.01,0.116,0.323,16.18,4879.03,POS,POS,0,0.1562
TX00894,C1019,1219.48,9,3,Vijayawada,10.97,0,0,0,729,1507.38,0.191,0.167,36.48,9408.27,POS,POS,0,0.1296
TX00915,C1041,53287.58,5,21,London,6415.5,1,1,3,1021,882.72,59.367,0.807,15.26,24300.76,Online,Mobile,1,2.1928
TX00811,C1067,1284.61,18,3,Vijayawada,10.54,0,0,1,1626,1275.2,0.007,0.288,44.62,13455.76,POS,POS,0,0.0955
TX00245,C1296,453.01,10,3,Visakhapatnam,10.22,0,0,0,809,478.6,0.053,0.22,38.68,4688.62,POS,Web,0,0.0966
TX00823,C1046,1145.83,11,6,Warangal,2.92,0,0,0,382,1235.63,0.073,0.291,44.26,4034.64,POS,ATM,0,0.284
TX00322,C1246,703.81,13,5,Hyderabad,9.77,0,0,0,904,695.11,0.013,0.111,46.37,3714.59,Online,Mobile,0,0.1895
TX00644,C1093,689.99,12,5,Hyderabad,21.03,0,0,1,2382,583.71,0.182,0.053,46.42,2845.69,Online,Mobile,0,0.2425
TX00159,C1193,937.9,11,7,Vijayawada,3.79,0,0,1,2147,1020.43,0.081,0.335,42.53,9828.51,POS,Web,0,0.0954
TX00978,C1022,10281.59,4,26,Dubai,1183.04,1,1,6,104,1199.2,7.574,0.695,7.61,16445.53,Online,Mobile,1,0.6252
TX00430,C1200,2847.05,20,5,Visakhapatnam,2.7,0,0,0,1022,2540.83,0.121,0.346,64.22,32229.86,POS,POS,0,0.0883
TX00942,C1297,10060.5,1,37,Singapore,1166.95,1,1,4,251,838.22,11.002,0.688,10.44,8720.37,Online,Web,1,1.1537
TX00463,C1090,481.38,15,3,Hyderabad,13.95,0,0,0,2402,460.63,0.045,0.122,49.13,3422.62,POS,Web,0,0.1406
TX00310,C1039,466.11,19,2,Hyderabad,1.11,0,0,1,945,469.62,0.007,0.372,49.18,3055.19,POS,Mobile,0,0.1526
TX00698,C1114,695.89,11,4,Guntur,3.57,0,0,1,2599,719.32,0.033,0.17,48.76,5538.92,POS,POS,0,0.1256
TX00061,C1169,481.37,18,3,Warangal,4.31,1,0,0,2886,454.83,0.058,0.181,53.63,5358.15,Online,ATM,0,0.0898
TX00885,C1242,1821.08,16,4,Guntur,7.7,0,0,0,2327,2455.82,0.258,0.273,55.48,9198.49,POS,Mobile,0,0.198
TX00596,C1138,432.36,19,4,Visakhapatnam,10.04,0,0,0,950,289.15,0.495,0.129,46.47,5403.26,Online,Mobile,0,0.08
TX00768,C1143,958.1,9,6,Vijayawada,11.79,0,0,0,2360,1022.73,0.063,0.064,35.59,5706.74,Online,Mobile,0,0.1679
TX00650,C1121,524.43,10,1,Warangal,3.8,0,0,0,1250,457.25,0.147,0.148,43.93,4423.5,Online,POS,0,0.1186
TX00651,C1298,721.18,16,6,Guntur,6.8,0,0,0,199,693.68,0.04,0.221,39.03,7186.74,ATM,Web,0,0.1003
TX00866,C1099,1142.71,10,2,Guntur,4.26,1,0,0,793,1160.25,0.015,0.022,22.87,13993.82,POS,Web,0,0.0817
TX00669,C1053,775.0,10,3,Visakhapatnam,2.4,0,0,1,2752,842.65,0.08,0.251,48.01,10681.4,POS,Web,0,0.0726
TX00299,C1221,1077.05,13,8,Hyderabad,6.74,0,0,0,1023,1099.34,0.02,0.087,43.38,15967.46,POS,Mobile,0,0.0675
TX00690,C1198,941.91,15,4,Visakhapatnam,24.7,0,0,0,2688,1212.73,0.223,0.243,31.44,5940.07,Online,Web,0,0.1586
TX00315,C1126,820.39,15,4,Hyderabad,3.56,0,0,0,444,926.21,0.114,0.059,35.88,11922.95,POS,Web,0,0.0688
TX00311,C1013,662.84,14,2,Guntur,8.59,0,0,1,1361,738.69,0.103,0.382,55.82,5677.34,POS,Web,0,0.1168
TX00362,C1171,577.53,17,5,Guntur,3.15,0,0,0,2435,558.04,0.035,0.166,21.61,2463.14,POS,Mobile,0,0.2345
TX00480,C1242,977.33,11,8,Visakhapatnam,1.82,0,0,0,228,830.55,0.177,0.228,38.82,4067.2,POS,Web,0,0.2403
TX00111,C1200,522.8,15,4,Hyderabad,8.1,0,0,0,2587,493.82,0.059,0.092,15.54,6366.59,POS,ATM,0,0.0821
TX00990,C1257,51523.57,23,21,Unknown,896.93,1,1,6,970,1006.17,50.207,0.847,16.83,76462.4,Online,ATM,1,0.6738
TX00487,C1182,708.84,16,3,Visakhapatnam,8.09,0,0,0,2595,790.53,0.103,0.247,50.56,4818.55,ATM,Mobile,0,0.1471
TX00364,C1201,846.02,21,6,Warangal,5.24,0,0,0,2024,490.32,0.725,0.458,33.2,5393.88,POS,Mobile,0,0.1568
TX00255,C1088,810.71,13,6,Warangal,4.67,0,0,0,2370,857.4,0.054,0.078,23.76,8278.21,POS,POS,0,0.0979
TX00260,C1299,390.87,18,6,Warangal,9.16,0,0,0,2285,366.7,0.066,0.309,54.47,4099.47,ATM,Mobile,0,0.0953
TX00803,C1218,699.88,10,5,Guntur,20.3,0,0,0,1969,685.06,0.022,0.03,51.49,8909.12,ATM,POS,0,0.0786
TX00678,C1055,739.78,21,6,Hyderabad,4.78,0,0,1,728,694.5,0.065,0.251,35.02,10209.98,Online,ATM,0,0.0725
TX00495,C1091,910.28,8,6,Visakhapatnam,12.95,0,0,0,1241,756.58,0.203,0.187,24.82,4931.8,Online,Web,0,0.1846
TX00671,C1171,1351.33,13,3,Vijayawada,2.6,0,0,0,2988,1229.9,0.099,0.27,62.72,11403.17,POS,Mobile,0,0.1185
TX00378,C1063,1111.57,12,5,Guntur,3.28,0,0,0,1125,1306.54,0.149,0.307,65.02,12762.95,Online,Mobile,0,0.0871
TX00527,C1143,408.15,17,1,Vijayawada,0.98,0,0,0,185,418.33,0.024,0.276,57.25,4549.7,ATM,Mobile,0,0.0897
TX00846,C1058,1315.46,12,3,Hyderabad,4.71,0,0,0,2124,1051.08,0.252,0.243,52.56,14129.75,Online,Web,0,0.0931
TX00138,C1296,1679.11,18,4,Visakhapatnam,10.77,0,0,0,805,1379.79,0.217,0.323,53.98,18466.2,Online,Mobile,0,0.0909
TX00356,C1175,1730.36,12,3,Visakhapatnam,2.78,0,0,0,1429,1533.44,0.128,0.109,26.3,6507.6,Online,ATM,0,0.2659
TX00366,C1202,572.27,20,3,Hyderabad,7.59,0,0,0,976,592.03,0.033,0.077,76.53,8406.25,ATM,Web,0,0.0681
TX00943,C1275,56263.37,23,34,London,4896.07,1,1,5,956,663.36,83.815,0.784,17.4,32959.33,Online,Mobile,1,1.7071
TX00750,C1085,522.49,14,6,Guntur,29.85,0,1,1,2730,571.38,0.086,0.373,50.48,6095.04,POS,Mobile,0,0.0857
TX00949,C1079,33310.18,0,31,Dubai,3222.84,1,0,6,409,1153.6,27.875,0.969,9.35,13680.59,Online,Web,1,2.4348
TX00830,C1107,757.96,18,7,Warangal,4.4,0,0,0,1391,891.43,0.15,0.433,49.72,7553.69,POS,ATM,0,0.1003
TX00657,C1161,395.38,11,4,Visakhapatnam,10.17,1,0,0,1810,441.53,0.105,0.046,33.1,4057.05,POS,Web,0,0.0975
TX00200,C1092,798.32,8,4,Visakhapatnam,6.97,0,0,0,1702,705.12,0.132,0.292,65.42,5448.97,Online,ATM,0,0.1465
TX00214,C1269,462.36,17,1,Guntur,18.49,0,0,0,1409,466.73,0.009,0.169,50.33,3874.57,Online,Web,0,0.1193
TX00409,C1177,528.78,16,2,Hyderabad,26.42,1,0,0,2898,581.93,0.091,0.181,41.54,6935.09,Online,Web,0,0.0762
TX00333,C1171,889.68,18,4,Guntur,16.89,0,0,0,2735,805.84,0.104,0.223,46.9,7125.32,Online,Mobile,0,0.1249
TX00209,C1176,998.69,17,3,Visakhapatnam,2.55,0,0,0,1279,922.56,0.083,0.372,43.62,4354.54,Online,Mobile,0,0.2293
TX00614,C1049,2158.17,11,4,Visakhapatnam,10.19,0,0,0,895,2316.21,0.068,0.092,26.72,28038.62,POS,Mobile,0,0.077
TX00079,C1277,1338.34,13,4,Vijayawada,5.51,0,1,0,2505,1587.42,0.157,0.386,40.18,16565.5,POS,Mobile,0,0.0808
TX00030,C1006,811.44,17,5,Warangal,23.4,0,0,0,1697,874.75,0.072,0.29,70.46,4950.91,POS,Web,0,0.1639
TX00536,C1026,843.56,13,2,Visakhapatnam,16.15,0,0,0,2583,874.06,0.035,0.359,66.02,6346.29,Online,Mobile,0,0.1329
TX00696,C1231,1152.95,12,3,Guntur,6.68,0,0,0,2082,1111.68,0.037,0.141,41.12,5917.89,POS,Mobile,0,0.1948
TX00558,C1008,560.49,18,4,Hyderabad,3.09,0,0,0,903,504.63,0.111,0.072,10.0,7767.41,ATM,Web,0,0.0722
TX00837,C1092,456.26,11,6,Vijayawada,8.37,0,0,0,550,498.45,0.085,0.311,34.93,4202.02,POS,ATM,0,0.1086
TX00597,C1232,1081.9,17,2,Vijayawada,2.14,1,0,0,786,1148.58,0.058,0.443,42.15,10497.59,POS,Mobile,0,0.1031
TX00166,C1051,495.68,17,5,Vijayawada,3.53,0,0,0,1248,366.1,0.354,0.182,37.01,6129.54,ATM,Mobile,0,0.0809
TX00919,C1144,82504.36,2,30,Unknown,2915.6,1,1,9,602,1225.95,66.298,0.861,12.2,158562.3,Online,Mobile,1,0.5203
TX00496,C1216,184.92,19,3,Hyderabad,2.62,0,0,0,1694,195.65,0.055,0.119,54.49,1000.0,POS,Mobile,0,0.1849
TX00825,C1028,703.22,11,5,Guntur,6.74,0,0,0,820,671.99,0.046,0.044,64.38,6663.1,Online,ATM,0,0.1055
TX00066,C1249,1342.17,10,2,Vijayawada,23.51,0,0,2,376,1668.28,0.195,0.29,47.9,11884.43,Online,Mobile,0,0.1129
TX00142,C1119,396.41,7,4,Hyderabad,5.33,0,0,0,212,457.86,0.134,0.175,60.4,3087.05,POS,ATM,0,0.1284
TX00926,C1287,36318.55,0,17,London,778.62,1,0,9,808,453.33,79.115,0.742,8.07,58021.62,Online,Web,1,0.6259
TX00828,C1093,469.02,10,4,Guntur,6.33,0,0,0,1770,553.71,0.153,0.273,60.9,4250.51,POS,POS,0,0.1103
TX00656,C1092,573.75,14,2,Warangal,11.14,0,0,0,1049,506.13,0.134,0.111,43.43,3863.7,POS,ATM,0,0.1485
TX00332,C1168,921.29,13,6,Guntur,5.4,0,0,1,1987,928.78,0.008,0.175,35.65,7805.99,Online,Web,0,0.118
TX00665,C1137,698.86,17,5,Warangal,9.69,1,0,0,2178,546.07,0.28,0.055,44.76,8608.4,Online,Mobile,0,0.0812
TX00250,C1280,881.9,13,4,Vijayawada,2.16,0,0,1,1634,1052.26,0.162,0.238,57.01,5910.52,Online,Web,0,0.1492
TX00908,C1056,9511.36,1,18,Dubai,3256.05,0,1,8,1163,997.39,8.536,0.865,17.41,13713.05,ATM,Mobile,1,0.6936
TX00709,C1068,2035.15,8,2,Hyderabad,12.05,0,0,0,1636,2323.73,0.124,0.036,51.8,29186.38,ATM,POS,0,0.0697
TX00306,C1288,1594.97,18,4,Visakhapatnam,17.23,0,0,1,1594,1451.42,0.099,0.123,52.3,18005.78,POS,Mobile,0,0.0886
TX00735,C1115,558.56,8,4,Vijayawada,3.14,0,0,0,658,548.6,0.018,0.172,28.9,4983.32,Online,Mobile,0,0.1121
TX00976,C1276,11784.31,2,36,New York,1440.61,1,1,9,415,625.17,17.85,0.709,13.25,19850.02,Online,Mobile,1,0.5937
TX00050,C1228,3096.36,18,4,Hyderabad,18.76,0,0,0,2876,3305.47,0.063,0.124,61.47,42768.25,Online,ATM,0,0.0724
TX00897,C1230,551.49,14,4,Vijayawada,15.28,0,0,0,1252,539.39,0.022,0.155,61.91,7345.81,Online,POS,0,0.0751
TX00003,C1286,319.49,13,4,Hyderabad,6.61,0,0,0,2963,424.15,0.247,0.223,43.86,3912.23,Online,Web,0,0.0817
TX00545,C1271,1629.61,14,3,Hyderabad,13.62,1,0,0,1009,1869.65,0.128,0.067,47.12,23724.85,Online,POS,0,0.0687
TX00351,C1146,461.79,16,5,Hyderabad,10.34,0,0,0,2153,534.18,0.136,0.282,37.25,1664.77,Online,POS,0,0.2774
TX00905,C1270,38545.62,2,20,Singapore,2320.23,1,0,4,999,654.98,57.85,0.755,24.56,62393.84,Online,Web,1,0.6178
TX00537,C1154,622.07,11,4,Hyderabad,10.45,0,0,0,1674,686.54,0.094,0.324,72.12,6843.87,Online,POS,0,0.0909
TX00345,C1269,647.13,20,4,Guntur,1.77,0,0,0,1221,643.84,0.005,0.138,67.32,5736.87,Online,Mobile,0,0.1128
TX00995,C1167,14435.93,1,10,Singapore,3242.47,1,1,4,519,591.62,23.401,0.951,16.86,6181.87,Online,Mobile,1,2.3352
TX00482,C1043,809.58,13,4,Vijayawada,8.97,0,0,0,714,851.27,0.049,0.122,21.2,10158.17,POS,Mobile,0,0.0797
TX00576,C1092,422.43,20,8,Warangal,17.25,0,0,0,2191,455.74,0.073,0.152,57.03,3811.27,POS,POS,0,0.1108
TX00034,C1093,1251.43,13,3,Warangal,10.14,0,0,2,950,1381.96,0.094,0.52,47.98,13255.84,POS,POS,0,0.0944
TX00032,C1244,1377.78,11,4,Guntur,8.76,0,0,0,2025,1127.96,0.221,0.102,67.55,4434.99,POS,POS,0,0.3107
TX00232,C1268,1556.83,20,4,Warangal,16.06,0,0,0,2328,1529.39,0.018,0.01,77.17,7162.78,Online,Mobile,0,0.2173
TX00964,C1040,75599.64,23,21,London,5591.79,1,1,6,484,632.11,118.598,0.701,12.38,117361.04,POS,Mobile,1,0.6442
TX00193,C1105,1064.45,16,4,Guntur,8.76,0,0,0,2569,1183.9,0.101,0.209,25.73,8349.36,Online,ATM,0,0.1275
TX00334,C1129,453.48,12,2,Hyderabad,13.23,0,0,0,2634,444.57,0.02,0.078,17.35,2876.11,Online,Mobile,0,0.1577
TX00004,C1298,1405.53,13,4,Warangal,18.92,0,0,0,1402,1438.43,0.023,0.11,69.72,4400.8,POS,ATM,0,0.3194
TX00205,C1017,841.62,12,3,Vijayawada,5.27,0,0,0,711,908.13,0.073,0.231,49.1,8912.54,ATM,Mobile,0,0.0944
TX00515,C1103,987.14,14,4,Vijayawada,4.31,0,0,0,244,1116.69,0.116,0.427,42.23,5619.17,Online,POS,0,0.1757
TX00800,C1027,648.56,16,3,Vijayawada,6.03,0,0,0,1002,751.58,0.137,0.075,37.4,6138.96,Online,Mobile,0,0.1056
TX00307,C1184,713.05,19,4,Guntur,2.97,0,0,0,352,728.98,0.022,0.104,42.07,2263.3,POS,Mobile,0,0.315
TX00110,C1278,1257.13,14,5,Warangal,6.29,0,0,0,1888,1282.84,0.02,0.171,37.78,12559.66,POS,Web,0,0.1001
TX00431,C1231,1453.82,11,3,Warangal,1.5,0,0,0,2207,1362.04,0.067,0.031,72.56,4689.68,POS,Mobile,0,0.31
TX00078,C1197,559.27,19,3,Guntur,2.88,0,0,0,463,481.72,0.161,0.304,38.59,7210.83,POS,ATM,0,0.0776
TX00085,C1236,887.13,13,5,Vijayawada,19.54,0,0,0,2162,931.78,0.048,0.127,63.98,8478.74,POS,Web,0,0.1046
TX00287,C1210,810.46,17,5,Visakhapatnam,2.15,1,0,0,284,656.3,0.235,0.081,13.47,4835.73,ATM,Mobile,0,0.1676
TX00083,C1077,769.6,16,2,Visakhapatnam,8.35,0,0,0,1049,710.44,0.083,0.304,62.62,4947.42,ATM,ATM,0,0.1556
TX00992,C1023,18420.18,1,15,Unknown,6437.11,1,0,6,710,726.29,24.362,0.865,19.52,29201.78,Online,ATM,1,0.6308
TX00790,C1282,1143.87,15,2,Vijayawada,8.73,0,0,0,1634,1193.3,0.041,0.255,33.89,7466.85,POS,Mobile,0,0.1532
TX00895,C1150,1344.62,12,6,Vijayawada,4.31,0,0,0,646,1483.48,0.094,0.241,65.87,8099.87,Online,Mobile,0,0.166
TX00399,C1204,820.56,11,2,Guntur,4.08,0,0,0,497,798.39,0.028,0.108,52.84,12107.35,Online,Web,0,0.0678
TX00324,C1204,587.41,15,2,Hyderabad,8.53,0,0,0,932,555.73,0.057,0.352,41.52,3222.91,Online,Mobile,0,0.1823
TX00520,C1063,674.76,20,1,Visakhapatnam,6.86,0,0,0,2060,567.01,0.19,0.372,46.95,6345.87,POS,POS,0,0.1063
TX00917,C1083,19723.75,23,20,London,4051.23,1,0,9,1105,783.95,24.159,0.838,13.05,30611.96,POS,Mobile,1,0.6443
TX00923,C1063,40243.1,4,30,Unknown,2600.07,0,1,7,901,384.87,103.564,0.55,14.89,58347.42,Online,Web,1,0.6897
TX00006,C1148,657.64,21,5,Warangal,10.62,0,0,0,2892,747.18,0.12,0.192,43.51,5743.13,POS,Mobile,0,0.1145
TX00732,C1205,1223.03,11,5,Visakhapatnam,8.82,0,0,0,1838,1599.56,0.235,0.121,33.55,13005.43,Online,Mobile,0,0.094
TX00466,C1154,1459.48,18,7,Visakhapatnam,2.08,0,0,0,554,1575.57,0.074,0.142,43.47,11743.37,Online,Mobile,0,0.1243
TX00098,C1090,839.55,16,4,Hyderabad,2.96,0,0,0,1945,548.43,0.531,0.171,25.95,8301.27,Online,Mobile,0,0.1011
TX00267,C1138,293.16,21,6,Guntur,5.42,0,0,0,2013,273.16,0.073,0.327,33.21,1057.85,Online,Mobile,0,0.2771
TX00358,C1279,840.76,11,1,Vijayawada,7.4,0,0,0,927,917.25,0.083,0.273,24.27,12411.76,Online,Web,0,0.0677
TX00869,C1217,337.23,13,2,Visakhapatnam,11.86,0,0,0,2491,258.27,0.306,0.204,29.97,4861.51,POS,ATM,0,0.0694
TX00799,C1199,629.62,13,2,Vijayawada,4.47,0,0,0,1652,645.53,0.025,0.187,30.73,9354.5,Online,Web,0,0.0673
TX00381,C1213,1396.2,11,5,Visakhapatnam,5.81,0,0,0,2564,1120.17,0.246,0.6,47.04,19710.52,POS,POS,0,0.0708
TX00632,C1087,634.2,10,4,Visakhapatnam,2.96,0,0,0,2115,625.56,0.014,0.233,56.43,6886.45,POS,Web,0,0.0921
TX00382,C1005,476.46,19,5,Vijayawada,11.38,0,0,0,1721,377.63,0.262,0.428,14.14,6620.06,POS,Mobile,0,0.072
TX00491,C1135,939.34,16,4,Hyderabad,4.55,0,0,0,1159,967.96,0.03,0.154,47.48,5075.16,Online,Web,0,0.1851
TX00119,C1029,1147.93,12,7,Guntur,3.28,0,0,0,677,1177.84,0.025,0.169,35.25,14382.02,Online,Mobile,0,0.0798
TX00901,C1175,12162.86,23,22,Dubai,596.5,1,1,6,400,992.52,11.255,0.863,9.07,9296.12,Online,Web,1,1.3084
TX00251,C1274,1142.8,22,7,Warangal,0.96,0,0,0,2282,955.6,0.196,0.269,26.16,10576.43,Online,Web,0,0.1081
TX00524,C1073,826.11,9,3,Guntur,1.78,0,0,0,1394,1001.74,0.175,0.186,37.48,8337.17,POS,POS,0,0.0991
TX00010,C1220,677.5,11,5,Guntur,9.44,0,0,0,2406,607.74,0.115,0.211,45.76,6616.97,POS,POS,0,0.1024
TX00197,C1024,388.92,15,2,Guntur,12.19,0,0,0,2372,456.79,0.149,0.08,44.92,2664.38,POS,Mobile,0,0.146
TX00604,C1206,356.19,8,6,Hyderabad,1.84,1,0,0,2843,255.06,0.396,0.269,35.95,4219.97,POS,ATM,0,0.0844
TX00082,C1228,542.66,8,2,Guntur,4.48,0,0,0,2388,531.96,0.02,0.075,54.61,5940.14,Online,Mobile,0,0.0914
TX00784,C1172,1177.02,10,6,Visakhapatnam,10.79,0,0,0,2474,1038.27,0.134,0.393,43.17,3844.61,Online,Mobile,0,0.3061
TX00588,C1244,299.66,16,4,Warangal,6.78,0,0,0,2485,298.96,0.002,0.185,34.85,3876.13,POS,Mobile,0,0.0773
TX00798,C1035,877.69,17,7,Guntur,9.02,0,0,0,2634,971.39,0.096,0.35,39.16,12449.67,POS,Mobile,0,0.0705
TX00240,C1091,1952.91,11,7,Hyderabad,2.87,0,0,0,1099,2534.38,0.229,0.119,29.01,22483.84,Online,Web,0,0.0869
TX00291,C1259,851.96,17,9,Vijayawada,8.29,0,0,0,467,982.29,0.133,0.241,38.85,10182.24,POS,POS,0,0.0837
TX00212,C1280,885.53,13,3,Warangal,15.02,0,0,0,323,848.07,0.044,0.276,34.79,4600.78,Online,Web,0,0.1925
TX00718,C1098,540.15,22,3,Warangal,11.9,0,0,0,2725,589.99,0.084,0.1,64.91,8064.92,POS,Mobile,0,0.067
TX00360,C1289,485.35,16,2,Visakhapatnam,5.61,0,0,0,809,520.02,0.067,0.221,16.66,2112.4,Online,Mobile,0,0.2298
TX00450,C1223,787.99,19,5,Guntur,15.75,0,0,0,1333,757.52,0.04,0.076,29.72,8424.53,POS,Mobile,0,0.0935
TX00228,C1237,541.98,8,2,Visakhapatnam,13.97,0,0,0,2186,465.6,0.164,0.266,12.73,5334.53,Online,Web,0,0.1016
TX00951,C1054,8600.14,23,24,Dubai,3290.69,1,1,4,33,536.17,15.04,0.55,2.0,5345.09,Online,Web,1,1.609
TX00947,C1055,56095.06,1,10,Singapore,4962.24,1,1,5,206,785.17,70.443,0.904,13.97,29268.96,Online,Mobile,1,1.9165
TX00797,C1259,694.74,11,3,Vijayawada,5.99,0,0,0,1897,509.26,0.364,0.527,54.35,8306.85,POS,POS,0,0.0836
TX00502,C1131,1030.53,9,8,Vijayawada,3.16,0,0,0,2721,934.97,0.102,0.257,48.46,7789.51,POS,Mobile,0,0.1323
TX00465,C1187,694.09,16,3,Warangal,0.72,0,0,1,1265,623.85,0.113,0.111,45.61,6405.99,POS,Web,0,0.1084
TX00363,C1166,539.7,16,4,Warangal,12.01,0,0,0,700,584.61,0.077,0.073,53.89,1759.42,POS,Web,0,0.3067
TX00469,C1136,403.61,14,6,Hyderabad,5.85,0,0,2,713,362.52,0.113,0.195,74.69,3107.14,POS,Mobile,0,0.1299
TX00936,C1110,27418.5,5,30,Dubai,7199.22,1,0,8,221,807.7,32.947,0.55,13.12,12529.38,Online,Web,1,2.1883
TX00429,C1012,1036.22,15,3,Vijayawada,3.38,0,1,0,2629,1120.58,0.075,0.336,23.75,14306.45,POS,Web,0,0.0724
TX00008,C1265,859.89,8,9,Visakhapatnam,1.49,0,0,0,1546,872.91,0.015,0.079,30.1,8540.3,Online,Mobile,0,0.1007
TX00156,C1075,394.71,13,4,Vijayawada,13.33,0,0,0,430,404.45,0.024,0.415,47.76,2815.06,POS,POS,0,0.1402
TX00542,C1035,408.35,18,4,Visakhapatnam,10.92,0,0,0,2887,410.93,0.006,0.332,48.04,4671.52,POS,Mobile,0,0.0874
TX00441,C1226,1775.05,16,5,Vijayawada,8.65,0,0,0,2807,1445.43,0.228,0.013,50.71,26101.43,POS,Mobile,0,0.068
TX00483,C1108,863.9,19,4,Guntur,19.13,0,0,0,2620,875.09,0.013,0.203,63.56,11379.16,POS,ATM,0,0.0759
TX00423,C1225,1166.22,17,6,Hyderabad,6.44,0,1,0,2064,1092.73,0.067,0.147,36.82,14953.57,Online,Web,0,0.078
TX00779,C1203,766.83,15,5,Warangal,11.11,0,0,1,207,832.53,0.079,0.124,31.42,5570.28,POS,Mobile,0,0.1377
TX00950,C1141,32531.25,4,29,Singapore,3908.54,1,1,6,603,1051.49,29.938,0.824,20.83,15554.72,Online,Web,1,2.0914
TX00335,C1286,427.54,15,9,Vijayawada,13.13,1,0,1,2993,406.93,0.051,0.082,45.41,4578.22,Online,Mobile,0,0.0934
TX00577,C1154,661.07,19,4,Vijayawada,11.7,0,0,1,481,730.91,0.096,0.179,33.58,3840.31,Online,Web,0,0.1721
TX00935,C1136,45309.98,0,33,Dubai,2230.54,1,1,5,391,520.77,86.005,0.931,7.88,75339.51,POS,Mobile,1,0.6014
TX00568,C1232,1235.99,18,6,Hyderabad,8.81,0,1,0,2470,1158.51,0.067,0.276,18.21,9526.08,POS,Web,0,0.1297
TX00595,C1166,639.09,13,9,Visakhapatnam,21.05,0,0,0,1228,590.29,0.083,0.09,52.72,4990.5,POS,POS,0,0.1281
TX00531,C1231,1409.86,8,7,Guntur,12.81,0,0,1,2225,1362.5,0.035,0.12,32.41,10599.75,POS,ATM,0,0.133
TX00582,C1159,715.71,13,2,Hyderabad,6.05,0,0,0,2870,721.45,0.008,0.154,29.67,2630.58,Online,Mobile,0,0.2721
TX00708,C1061,1102.08,9,4,Guntur,6.24,0,0,0,375,1226.38,0.101,0.173,47.41,14268.67,POS,Mobile,0,0.0772
TX00449,C1009,768.94,14,2,Warangal,10.91,0,0,1,1510,785.17,0.021,0.137,30.61,9257.18,POS,Web,0,0.0831
TX00454,C1121,752.14,15,4,Vijayawada,11.22,0,0,1,1454,678.1,0.109,0.191,51.65,2856.16,Online,POS,0,0.2633
TX00229,C1294,450.74,11,3,Hyderabad,16.88,0,0,0,1878,493.22,0.086,0.062,30.93,3606.36,ATM,POS,0,0.125
TX00353,C1079,1607.51,16,3,Hyderabad,15.5,0,0,0,2942,1641.08,0.02,0.199,69.86,17990.98,POS,Mobile,0,0.0894
TX00729,C1034,904.13,12,4,Guntur,23.77,0,0,0,1145,1005.03,0.1,0.192,35.61,3505.7,ATM,Mobile,0,0.2579
TX00213,C1289,1106.39,12,4,Visakhapatnam,9.11,0,0,0,2232,907.76,0.219,0.483,10.9,10801.36,Online,Mobile,0,0.1024
TX00080,C1172,692.46,14,5,Visakhapatnam,10.94,0,0,1,1013,624.37,0.109,0.343,49.23,7151.85,POS,Mobile,0,0.0968
TX00149,C1286,740.11,9,3,Hyderabad,5.9,0,0,0,2548,814.74,0.092,0.211,74.4,8234.04,Online,ATM,0,0.0899
TX00303,C1300,1221.67,14,3,Vijayawada,40.0,0,0,0,2537,892.37,0.369,0.213,33.99,11672.72,POS,Web,0,0.1047
TX00629,C1288,955.89,11,2,Hyderabad,9.07,0,0,0,2586,856.45,0.116,0.078,44.14,11518.36,POS,POS,0,0.083
TX00778,C1172,570.09,10,2,Visakhapatnam,0.71,0,0,0,311,528.74,0.078,0.287,59.34,7792.59,Online,Web,0,0.0732
TX00507,C1250,1325.46,10,3,Vijayawada,5.02,0,0,0,195,1154.1,0.148,0.024,53.82,7502.32,POS,POS,0,0.1767
TX00343,C1032,916.15,9,5,Visakhapatnam,13.55,0,0,0,1429,1002.11,0.086,0.203,48.84,7854.68,Online,Web,0,0.1166
TX00486,C1261,890.19,14,3,Visakhapatnam,2.93,0,0,0,2350,803.36,0.108,0.205,45.21,8474.98,Online,Mobile,0,0.105
TX00712,C1107,1255.39,15,2,Visakhapatnam,10.83,0,0,1,2110,1367.68,0.082,0.315,22.08,4868.84,ATM,Mobile,0,0.2578
TX00134,C1098,387.94,15,6,Visakhapatnam,10.44,0,0,0,1661,358.56,0.082,0.305,41.16,3397.78,POS,Web,0,0.1142
TX00704,C1238,948.08,18,6,Hyderabad,9.07,0,0,1,638,839.25,0.13,0.07,30.89,12457.52,POS,Mobile,0,0.0761
TX00312,C1119,994.47,10,5,Guntur,5.29,0,0,0,694,1220.81,0.185,0.266,50.07,5858.09,POS,POS,0,0.1698
TX00723,C1285,550.62,12,3,Warangal,12.51,0,0,0,1041,497.66,0.106,0.049,51.59,6551.58,Online,Mobile,0,0.084
TX00630,C1158,1177.28,16,5,Visakhapatnam,2.61,0,0,0,565,1149.9,0.024,0.357,55.94,9251.51,Online,Mobile,0,0.1273
TX00001,C1071,524.88,14,4,Vijayawada,7.88,1,0,0,698,422.64,0.242,0.484,46.37,7664.48,POS,Mobile,0,0.0685
TX00317,C1076,498.14,19,7,Guntur,3.42,0,0,0,897,573.79,0.132,0.43,60.82,4228.81,Online,Mobile,0,0.1178
TX00707,C1173,687.66,15,4,Hyderabad,6.71,0,0,0,380,706.78,0.027,0.101,28.53,3300.25,POS,Web,0,0.2084
TX00548,C1107,1164.05,12,5,Hyderabad,8.33,0,0,1,428,1269.25,0.083,0.136,41.67,12259.59,POS,Web,0,0.095
TX00873,C1167,350.96,12,9,Hyderabad,4.41,0,0,0,918,355.39,0.012,0.084,23.59,4547.02,POS,ATM,0,0.0772
TX00533,C1005,329.51,20,5,Hyderabad,8.23,0,0,0,1830,328.85,0.002,0.129,38.31,4579.32,Online,Mobile,0,0.072
TX00478,C1175,487.48,14,5,Guntur,4.3,0,0,0,1495,511.2,0.046,0.039,20.89,6120.77,POS,Mobile,0,0.0796
TX00405,C1086,1576.78,12,6,Guntur,6.1,0,0,0,624,1670.93,0.056,0.041,47.3,8041.29,POS,POS,0,0.1961
TX00173,C1058,553.35,15,4,Hyderabad,10.4,1,0,0,1771,482.41,0.147,0.42,41.38,2065.33,POS,ATM,0,0.2679
TX00126,C1131,1402.12,18,2,Warangal,11.5,0,0,0,2198,1422.77,0.015,0.11,66.38,9280.09,POS,Web,0,0.1511
TX00395,C1170,986.1,20,5,Guntur,3.92,0,0,0,918,998.18,0.012,0.029,42.81,12302.59,ATM,Mobile,0,0.0802
TX00421,C1035,550.05,13,6,Guntur,9.16,0,0,0,2604,484.47,0.135,0.369,35.32,2705.09,Online,Web,0,0.2033
TX00553,C1065,663.45,15,9,Vijayawada,11.05,0,0,0,1747,615.93,0.077,0.165,43.88,7807.84,POS,POS,0,0.085
TX00904,C1024,42521.44,2,24,Unknown,2901.44,1,0,8,271,1177.08,35.124,0.919,17.15,62044.21,Online,Mobile,1,0.6853
TX00091,C1267,977.19,16,3,Guntur,6.61,0,0,0,321,944.51,0.035,0.061,62.83,8590.31,Online,ATM,0,0.1138
TX00940,C1104,26104.01,5,34,Dubai,2100.4,1,1,6,379,963.31,26.098,0.929,15.13,16511.48,Online,Web,1,1.581
TX00182,C1015,997.04,13,7,Hyderabad,5.92,1,0,0,414,807.11,0.235,0.075,40.21,4611.62,Online,Mobile,0,0.2162
TX00275,C1069,704.91,21,4,Warangal,12.19,0,0,0,1626,716.78,0.017,0.289,52.93,6547.74,Online,Web,0,0.1077
TX00896,C1263,494.32,17,2,Hyderabad,1.42,0,0,0,2522,534.26,0.075,0.231,51.75,5063.49,Online,POS,0,0.0976
TX00070,C1226,809.5,11,3,Hyderabad,10.51,0,0,1,672,755.34,0.072,0.16,49.77,10775.89,Online,POS,0,0.0751
TX00292,C1078,494.95,10,3,Visakhapatnam,3.75,0,0,0,1795,371.66,0.332,0.12,49.6,1603.22,Online,ATM,0,0.3087
TX00132,C1048,456.89,9,2,Vijayawada,3.77,1,0,0,728,448.93,0.018,0.011,71.75,3498.0,Online,Web,0,0.1306
TX00301,C1087,765.13,14,8,Warangal,17.78,0,0,0,2798,651.64,0.174,0.26,32.11,8107.29,POS,POS,0,0.0944
TX00425,C1057,941.68,17,4,Vijayawada,9.96,0,0,0,661,920.91,0.023,0.393,31.32,9514.6,POS,ATM,0,0.099
TX00327,C1167,460.11,12,5,Visakhapatnam,1.09,0,0,0,429,417.21,0.103,0.052,56.8,4238.12,POS,Mobile,0,0.1086
TX00145,C1184,489.35,21,1,Warangal,5.11,0,0,0,1358,485.55,0.008,0.317,26.97,5982.18,Online,Mobile,0,0.0818
TX00424,C1040,546.88,17,2,Guntur,3.56,0,0,0,1252,529.82,0.032,0.371,34.77,6258.1,POS,Web,0,0.0874
TX00581,C1207,1078.1,12,4,Vijayawada,9.81,0,0,0,1623,918.39,0.174,0.285,51.62,14317.71,Online,Mobile,0,0.0753
TX00136,C1276,1935.34,18,5,Warangal,9.36,0,0,0,2992,2265.03,0.146,0.124,63.22,13899.52,POS,Mobile,0,0.1392
TX00451,C1187,691.49,12,3,Warangal,3.68,0,1,0,1783,712.5,0.029,0.063,58.3,4911.81,Online,Mobile,0,0.1408
TX00165,C1053,2486.59,15,5,Visakhapatnam,10.24,0,0,0,2027,2414.14,0.03,0.414,25.47,9643.75,POS,Mobile,0,0.2578
TX00029,C1212,431.2,22,4,Vijayawada,7.84,0,0,0,2936,435.91,0.011,0.322,35.72,4936.98,POS,ATM,0,0.0873
TX00774,C1077,619.25,18,4,Warangal,16.81,0,0,0,2999,713.06,0.132,0.073,36.37,7887.25,ATM,Mobile,0,0.0785
TX00194,C1242,845.26,14,6,Vijayawada,3.06,0,0,0,778,839.42,0.007,0.232,57.14,7571.04,POS,Mobile,0,0.1116
TX00389,C1207,964.4,20,2,Warangal,2.26,0,0,0,377,839.48,0.149,0.09,43.2,12395.34,Online,Mobile,0,0.0778
TX00853,C1041,1630.01,13,5,Vijayawada,4.79,0,0,0,750,1428.92,0.141,0.188,52.81,24270.38,POS,Mobile,0,0.0672
TX00170,C1226,1405.26,16,3,Vijayawada,4.23,0,0,0,1966,1359.35,0.034,0.387,31.32,10782.2,Online,Mobile,0,0.1303
TX00706,C1021,1048.2,11,6,Hyderabad,8.54,0,0,1,334,851.15,0.232,0.045,29.2,12814.2,ATM,Mobile,0,0.0818
TX00141,C1257,1483.92,13,5,Hyderabad,15.93,0,0,0,2569,1708.13,0.131,0.085,41.31,15779.07,Online,ATM,0,0.094
TX00174,C1259,1347.84,11,3,Guntur,7.63,0,0,1,2425,1482.84,0.091,0.167,49.19,10603.6,POS,Web,0,0.1271
TX00007,C1156,651.77,16,4,Hyderabad,14.58,0,0,0,2640,639.45,0.019,0.103,47.57,3754.61,Online,Mobile,0,0.1736
TX00746,C1011,832.89,14,3,Warangal,20.62,0,0,0,891,772.69,0.078,0.03,60.28,6334.97,Online,ATM,0,0.1315
TX00479,C1185,462.02,16,5,Vijayawada,16.01,1,0,2,2618,521.69,0.114,0.014,73.27,6764.54,POS,Mobile,0,0.0683
TX00074,C1056,576.94,7,8,Visakhapatnam,10.7,0,0,0,244,502.91,0.147,0.162,50.76,7886.14,POS,POS,0,0.0732
TX00911,C1136,41840.79,0,16,Dubai,2010.94,1,1,9,523,701.65,58.632,0.79,5.33,67987.57,Online,Mobile,1,0.6154
TX00814,C1013,524.23,9,7,Vijayawada,11.53,0,0,0,2218,516.66,0.015,0.113,49.51,2190.2,POS,ATM,0,0.2394
TX00239,C1043,929.24,16,5,Vijayawada,2.57,0,0,1,2434,705.76,0.317,0.317,32.84,13535.25,Online,POS,0,0.0687
TX00146,C1256,1508.33,14,3,Visakhapatnam,2.6,1,0,0,757,1369.3,0.102,0.128,58.24,8881.06,POS,Web,0,0.1698
TX00793,C1090,713.69,13,2,Vijayawada,29.84,0,0,1,2844,711.76,0.003,0.106,57.96,3880.42,ATM,POS,0,0.1839
TX00235,C1088,1911.67,14,3,Hyderabad,6.07,0,0,0,2158,1830.69,0.044,0.151,60.94,20232.38,Online,POS,0,0.0945
TX00221,C1211,375.48,11,4,Warangal,8.52,0,1,0,863,374.91,0.002,0.151,60.18,5131.45,Online,Mobile,0,0.0732
TX00924,C1135,27204.47,3,35,New York,1374.52,1,1,8,841,414.1,64.695,0.55,7.27,17239.53,Online,Web,1,1.578
TX00501,C1166,1893.58,14,5,Visakhapatnam,15.05,0,0,0,404,2117.16,0.106,0.059,49.88,23152.34,Online,Web,0,0.0818
TX00133,C1193,1083.99,10,4,Visakhapatnam,0.76,0,0,1,226,1083.67,0.0,0.266,41.18,12929.96,POS,ATM,0,0.0838
TX00991,C1020,48599.71,5,26,London,7737.17,1,1,8,641,417.92,115.289,0.55,5.87,91041.79,POS,Mobile,1,0.5338
TX00775,C1020,1420.86,11,2,Guntur,8.45,0,0,1,2738,1350.87,0.052,0.185,36.54,7432.75,Online,Web,0,0.1912
TX00186,C1265,1235.89,9,3,Guntur,0.5,0,1,0,1228,1384.42,0.107,0.332,47.36,4971.93,Online,Web,0,0.2486
TX00042,C1140,565.37,12,5,Visakhapatnam,11.17,0,0,0,1652,575.0,0.017,0.218,72.49,6452.65,Online,Mobile,0,0.0876
TX00697,C1176,1258.3,12,4,Visakhapatnam,6.63,0,0,0,701,969.11,0.298,0.228,24.57,12356.67,POS,Mobile,0,0.1018
TX00109,C1265,933.92,19,6,Warangal,18.78,0,0,0,1319,716.75,0.303,0.325,39.46,11000.8,POS,Mobile,0,0.0849
TX00589,C1090,1136.84,17,4,Vijayawada,16.23,0,0,0,1526,1200.77,0.053,0.257,45.29,8814.42,ATM,POS,0,0.129
TX00057,C1130,658.11,18,5,Hyderabad,1.67,1,0,0,861,536.81,0.226,0.09,35.45,7109.04,POS,Web,0,0.0926
TX00406,C1130,886.6,10,5,Vijayawada,11.77,0,0,0,1757,891.69,0.006,0.066,18.25,2825.15,Online,Mobile,0,0.3138
TX00443,C1130,1039.18,12,4,Hyderabad,7.16,0,0,0,364,974.99,0.066,0.172,47.58,3392.37,POS,ATM,0,0.3063
TX00758,C1254,589.97,11,4,Warangal,6.77,1,0,0,2272,698.12,0.155,0.115,35.31,2580.28,POS,Web,0,0.2286
TX00998,C1234,31178.22,1,39,Singapore,7250.43,1,1,3,38,1274.06,23.472,0.91,13.38,25286.51,Online,Mobile,1,1.233
TX00025,C1227,1001.15,17,4,Warangal,7.22,0,0,1,1651,1076.73,0.07,0.073,61.98,6584.26,POS,Mobile,0,0.1521
TX00468,C1240,264.51,10,5,Hyderabad,2.56,0,0,0,2869,264.59,0.0,0.15,50.57,3129.35,Online,Mobile,0,0.0845
TX00540,C1279,836.54,14,6,Visakhapatnam,3.82,0,0,0,2856,814.85,0.027,0.023,40.26,11821.78,POS,Web,0,0.0708
TX00532,C1140,1116.46,10,3,Warangal,5.4,0,0,0,2651,1127.66,0.01,0.145,40.48,11971.14,POS,Mobile,0,0.0933
TX00619,C1084,397.42,14,5,Warangal,1.06,0,0,0,2449,432.21,0.08,0.163,10.0,2945.36,Online,Mobile,0,0.1349
TX00695,C1077,971.21,12,4,Visakhapatnam,4.25,0,0,0,944,801.33,0.212,0.093,45.94,3002.98,ATM,Mobile,0,0.3234
TX00927,C1076,57470.29,4,35,Unknown,1941.67,1,1,5,152,848.7,66.715,0.939,15.67,78412.84,Online,Web,1,0.7329
TX00339,C1021,558.25,20,4,Guntur,12.89,0,0,1,2692,535.95,0.042,0.051,49.8,8166.03,POS,ATM,0,0.0684
TX00052,C1086,1088.19,20,4,Warangal,5.06,0,0,2,1097,1051.75,0.035,0.24,44.85,11110.36,ATM,ATM,0,0.0979
TX00508,C1027,316.42,19,6,Guntur,30.65,0,0,0,2913,257.9,0.227,0.284,38.27,2452.98,POS,Web,0,0.129
TX00517,C1127,457.33,14,3,Vijayawada,8.73,0,0,2,2379,555.98,0.177,0.182,63.94,6259.06,POS,Mobile,0,0.0731
TX00921,C1107,47251.79,0,34,New York,7466.27,1,1,9,644,561.11,83.211,0.622,4.58,16095.33,Online,ATM,1,2.9357
TX00782,C1242,569.32,14,5,Warangal,2.55,0,0,0,2981,537.18,0.06,0.135,36.09,8146.94,Online,Mobile,0,0.0699
TX00265,C1125,776.67,13,3,Guntur,4.33,0,0,2,1737,897.48,0.135,0.072,47.88,10516.99,Online,Mobile,0,0.0738
TX00818,C1006,791.15,20,1,Visakhapatnam,6.33,0,0,0,2855,596.11,0.327,0.339,46.14,5161.19,POS,Mobile,0,0.1533
TX00711,C1081,1148.57,12,2,Warangal,6.63,0,0,0,956,1122.78,0.023,0.231,10.0,7127.17,POS,Mobile,0,0.1612
TX00683,C1260,840.46,20,2,Warangal,4.43,0,0,0,2335,668.68,0.257,0.479,26.32,7007.61,Online,POS,0,0.1199
TX00833,C1222,660.46,11,2,Hyderabad,6.24,1,0,0,1867,779.91,0.153,0.138,69.36,7655.34,POS,Mobile,0,0.0863
TX00519,C1080,1260.43,9,1,Vijayawada,8.66,0,0,0,289,1476.64,0.146,0.151,54.55,5649.75,Online,Mobile,0,0.2231
TX00448,C1233,484.76,12,5,Warangal,11.16,0,0,2,2492,466.91,0.038,0.214,66.63,4126.74,POS,Mobile,0,0.1175
TX00019,C1025,707.23,13,5,Guntur,7.87,0,0,0,904,666.85,0.061,0.362,53.0,8443.98,POS,Web,0,0.0838
TX00716,C1003,819.06,22,6,Guntur,6.89,0,0,0,1119,832.06,0.016,0.068,36.17,3608.09,POS,Mobile,0,0.227
TX00484,C1003,1105.06,9,4,Hyderabad,6.09,0,0,0,2891,1094.55,0.01,0.269,77.19,10293.98,POS,Web,0,0.1074
TX00569,C1097,1280.29,18,1,Warangal,4.48,0,0,0,2111,1094.69,0.17,0.138,34.48,11148.56,POS,Mobile,0,0.1148
TX00434,C1065,889.97,12,3,Hyderabad,4.35,0,0,0,2409,877.31,0.014,0.193,33.07,12447.61,Online,POS,0,0.0715
TX00368,C1192,940.98,20,3,Visakhapatnam,10.26,0,0,0,2222,853.4,0.103,0.128,34.73,6665.4,Online,Web,0,0.1412
TX00084,C1073,924.77,21,4,Hyderabad,8.15,0,0,0,1069,749.46,0.234,0.069,51.43,6246.74,ATM,POS,0,0.148
TX00062,C1056,477.59,12,1,Warangal,8.64,0,0,0,2346,425.02,0.124,0.47,47.5,6538.21,POS,ATM,0,0.073
TX00639,C1285,1048.12,17,10,Vijayawada,5.22,0,0,0,1790,1074.3,0.024,0.228,41.71,15577.26,POS,Mobile,0,0.0673
TX00273,C1082,643.81,12,4,Warangal,2.79,0,0,0,2623,739.32,0.129,0.137,49.21,2096.98,Online,ATM,0,0.307
TX00286,C1167,1165.11,18,6,Hyderabad,6.41,0,0,0,2871,1310.62,0.111,0.395,53.15,14334.49,POS,Web,0,0.0813
TX00361,C1045,1854.53,11,5,Hyderabad,8.99,0,0,0,893,1416.53,0.309,0.065,43.39,23301.54,Online,POS,0,0.0796
TX00355,C1140,1126.56,13,2,Hyderabad,16.95,0,0,0,1755,1369.65,0.177,0.051,18.51,14982.19,POS,POS,0,0.0752
TX00457,C1232,557.99,9,3,Guntur,3.27,0,0,1,800,579.59,0.037,0.481,31.86,3976.05,POS,Mobile,0,0.1403
TX00279,C1013,472.14,9,4,Hyderabad,10.83,0,0,0,2721,404.05,0.169,0.023,46.4,6471.28,Online,POS,0,0.073
TX00013,C1236,728.67,21,4,Warangal,2.74,0,0,1,2509,718.18,0.015,0.143,37.98,7982.68,Online,Web,0,0.0913
TX00183,C1297,1213.83,14,3,Warangal,6.75,0,0,0,1145,1141.26,0.064,0.149,21.68,10152.19,Online,POS,0,0.1196
TX00369,C1209,394.87,22,6,Vijayawada,5.67,0,0,0,870,446.15,0.115,0.154,53.67,3606.04,POS,Web,0,0.1095
TX00882,C1176,1511.55,22,7,Hyderabad,6.2,0,0,0,689,1708.17,0.115,0.119,24.61,10347.82,POS,Mobile,0,0.1461
TX00616,C1247,791.28,13,6,Visakhapatnam,5.78,0,0,0,2859,966.25,0.181,0.141,56.99,8274.06,Online,Mobile,0,0.0956
TX00224,C1231,587.86,14,3,Vijayawada,3.24,1,0,0,927,660.68,0.11,0.139,48.58,7512.22,POS,Mobile,0,0.0783
TX00573,C1292,661.64,16,5,Visakhapatnam,5.32,0,0,0,2642,694.25,0.047,0.216,19.28,2998.64,ATM,Web,0,0.2206
TX00971,C1241,35322.07,2,30,Unknown,691.45,1,1,7,306,988.22,34.743,0.858,11.25,56278.9,POS,Mobile,1,0.6276
TX00654,C1021,845.64,18,6,Visakhapatnam,6.46,0,1,0,747,1023.43,0.174,0.308,23.84,3671.53,POS,POS,0,0.2303
TX00546,C1082,832.75,7,3,Vijayawada,21.44,0,0,0,2794,818.97,0.017,0.203,50.65,9580.22,POS,Mobile,0,0.0869
TX00583,C1017,633.41,9,3,Visakhapatnam,4.97,0,0,0,762,595.63,0.063,0.482,45.11,8649.2,Online,Web,0,0.0732
TX00634,C1086,797.88,7,2,Guntur,3.87,0,0,0,1316,551.11,0.448,0.303,40.71,5041.44,Online,Mobile,0,0.1583
TX00177,C1240,1424.22,14,6,Warangal,4.27,0,0,0,1179,1450.1,0.018,0.166,75.96,19311.12,POS,Web,0,0.0738
TX00666,C1233,671.48,10,2,Warangal,11.41,0,0,1,2755,692.31,0.03,0.286,32.37,5101.01,Online,ATM,0,0.1316
TX00674,C1122,751.64,17,3,Hyderabad,19.38,0,0,0,2599,796.6,0.056,0.108,55.15,5786.24,POS,Web,0,0.1299
TX00586,C1273,831.64,9,6,Warangal,9.01,0,0,0,2427,765.63,0.086,0.107,56.19,3568.89,Online,Mobile,0,0.233
TX00874,C1300,2239.56,11,2,Guntur,6.02,0,0,1,1357,2382.87,0.06,0.155,65.77,26347.82,Online,Mobile,0,0.085
TX00394,C1129,1448.01,12,3,Warangal,14.56,0,0,1,702,1456.09,0.006,0.202,56.08,16860.21,Online,Mobile,0,0.0859
TX00164,C1038,490.87,9,3,Warangal,9.58,0,0,0,1988,463.8,0.058,0.175,42.34,3647.14,ATM,Mobile,0,0.1346
TX00249,C1139,709.29,15,4,Visakhapatnam,29.86,0,0,1,2881,668.78,0.061,0.15,60.83,4329.81,Online,Web,0,0.1638
TX00635,C1082,879.33,17,3,Warangal,22.21,0,0,0,2990,778.86,0.129,0.24,20.61,7353.58,Online,ATM,0,0.1196
TX00886,C1181,312.46,12,6,Guntur,18.02,0,0,0,2005,247.92,0.26,0.055,48.41,2722.1,Online,ATM,0,0.1148
TX00670,C1241,663.69,17,4,Visakhapatnam,6.33,0,0,1,2972,632.58,0.049,0.12,36.28,2865.6,POS,POS,0,0.2316
TX00376,C1221,757.6,22,4,Warangal,3.39,0,0,1,2653,615.71,0.23,0.264,44.64,7160.02,POS,Mobile,0,0.1058
TX00413,C1241,1864.09,12,4,Visakhapatnam,20.25,0,0,0,1357,1526.3,0.221,0.186,45.83,14062.21,Online,Mobile,0,0.1326
TX00075,C1091,1241.48,17,3,Visakhapatnam,4.15,0,0,0,2621,1379.66,0.1,0.422,57.12,18324.25,POS,Mobile,0,0.0678
TX00114,C1041,569.53,19,6,Hyderabad,9.44,0,0,0,198,406.86,0.4,0.294,54.47,7348.41,POS,Web,0,0.0775
TX00599,C1174,615.61,15,7,Hyderabad,15.6,0,0,0,2093,687.26,0.104,0.048,53.07,4059.03,ATM,ATM,0,0.1517
TX00962,C1221,5000.0,4,16,New York,5881.66,1,1,3,762,689.99,6.247,0.926,14.44,9104.31,POS,POS,1,0.5492
TX00391,C1213,1365.14,11,6,Visakhapatnam,7.49,0,0,0,1371,1158.71,0.178,0.149,59.71,16565.15,ATM,Mobile,0,0.0824
TX00105,C1262,1405.96,20,6,Visakhapatnam,13.14,0,0,0,1836,1300.13,0.081,0.095,48.59,11077.57,Online,Mobile,0,0.1269
TX00115,C1176,740.88,9,6,Vijayawada,5.35,1,0,0,2015,832.0,0.11,0.097,29.64,6954.54,ATM,Mobile,0,0.1065
TX00418,C1288,1019.09,11,6,Warangal,10.59,0,0,2,250,1043.91,0.024,0.135,21.32,14471.73,POS,Web,0,0.0704
TX00526,C1253,1058.75,10,4,Vijayawada,8.05,0,0,0,1667,1082.35,0.022,0.216,39.9,13477.63,POS,Mobile,0,0.0786
TX00458,C1179,697.16,12,1,Warangal,14.69,0,0,0,2503,695.59,0.002,0.246,40.62,3377.14,ATM,Mobile,0,0.2064
TX00410,C1141,487.06,14,3,Guntur,20.57,1,0,0,2854,431.31,0.129,0.209,37.1,3857.6,POS,ATM,0,0.1263
TX00093,C1174,332.86,22,4,Hyderabad,7.12,0,0,0,643,397.34,0.162,0.264,47.79,1459.76,Online,Mobile,0,0.228
TX00931,C1264,9616.68,5,12,Unknown,3440.46,1,0,7,357,928.45,9.358,0.68,4.73,7016.53,Online,Mobile,1,1.3706
TX00090,C1130,1017.26,11,4,Vijayawada,12.1,0,1,0,2072,767.94,0.325,0.194,56.61,9548.94,Online,ATM,0,0.1065
TX00337,C1039,1010.53,10,2,Guntur,3.6,0,0,0,1067,1013.86,0.003,0.141,74.5,6302.73,POS,Mobile,0,0.1603
TX00989,C1157,13182.27,3,39,Singapore,4046.25,1,1,7,687,718.94,17.336,0.687,13.98,21534.93,Online,Mobile,1,0.6121
TX00922,C1175,32196.26,5,27,New York,1158.3,1,0,8,179,1177.14,26.351,0.726,16.79,11385.26,Online,Mobile,1,2.8279
TX00934,C1122,50195.44,1,15,New York,7716.35,1,1,7,921,1083.75,45.317,0.76,9.96,28468.31,Online,Web,1,1.7632
TX00606,C1120,839.93,13,3,Warangal,22.67,1,0,0,794,742.27,0.132,0.207,66.99,11753.33,POS,Web,0,0.0715
TX00594,C1201,544.54,20,4,Warangal,18.88,0,0,2,571,539.45,0.009,0.078,47.44,4749.44,POS,ATM,0,0.1147
TX00612,C1272,689.32,20,5,Guntur,3.48,0,0,0,2423,699.11,0.014,0.211,55.19,10322.3,POS,POS,0,0.0668
TX00095,C1073,790.64,12,4,Warangal,6.27,0,0,0,625,842.79,0.062,0.29,69.78,10511.07,Online,Web,0,0.0752
TX00012,C1232,945.48,11,3,Guntur,4.51,0,0,0,1677,838.86,0.127,0.416,26.22,13555.77,Online,Mobile,0,0.0697
TX00397,C1009,659.77,20,4,Vijayawada,2.03,0,0,0,1267,699.51,0.057,0.442,39.67,7856.09,POS,Mobile,0,0.084
TX00534,C1069,1031.11,12,4,Warangal,3.91,0,0,0,211,1093.72,0.057,0.024,51.96,6857.94,Online,Mobile,0,0.1504
TX00044,C1184,1436.57,16,3,Warangal,6.07,0,0,0,695,1106.8,0.298,0.318,37.76,17043.67,POS,Web,0,0.0843
TX00043,C1062,517.21,12,8,Hyderabad,11.0,0,0,0,436,489.01,0.058,0.254,12.71,7535.87,POS,Mobile,0,0.0686
TX00330,C1198,1529.35,13,3,Guntur,11.44,0,0,0,2535,1613.96,0.052,0.262,16.17,11207.39,Online,POS,0,0.1365
TX00168,C1247,1047.83,19,5,Hyderabad,1.41,0,0,0,2536,901.09,0.163,0.182,52.3,14689.81,ATM,POS,0,0.0713
TX00498,C1273,455.53,10,2,Hyderabad,8.01,0,0,0,2423,416.1,0.095,0.267,50.47,5327.95,Online,POS,0,0.0855
TX00877,C1251,485.52,22,2,Visakhapatnam,23.04,0,0,0,231,562.22,0.136,0.281,32.55,6446.46,Online,POS,0,0.0753
TX00598,C1113,1126.85,11,3,Hyderabad,5.58,0,1,0,1993,984.45,0.145,0.279,37.31,11169.9,Online,Mobile,0,0.1009
TX00757,C1111,727.23,11,4,Hyderabad,4.65,0,0,0,1070,811.77,0.104,0.085,40.61,4488.46,Online,Web,0,0.162
TX00101,C1164,310.85,10,2,Vijayawada,3.82,0,0,0,357,320.19,0.029,0.532,41.8,2877.05,Online,Web,0,0.108
TX00427,C1143,782.72,9,9,Guntur,9.77,0,0,0,1859,821.41,0.047,0.237,29.2,7880.32,POS,POS,0,0.0993
TX00179,C1144,764.78,17,3,Warangal,2.55,0,0,0,2480,890.32,0.141,0.328,51.84,4045.96,Online,Web,0,0.189
TX00445,C1267,388.69,13,3,Visakhapatnam,10.48,0,0,0,1466,359.46,0.081,0.358,60.77,5633.81,Online,Mobile,0,0.069
TX00417,C1291,935.62,13,6,Warangal,4.59,0,0,0,428,1117.46,0.163,0.353,52.34,6893.34,Online,Web,0,0.1357
TX00871,C1299,409.26,13,3,Hyderabad,4.78,0,0,0,527,401.07,0.02,0.193,32.67,3980.14,Online,ATM,0,0.1028
TX00883,C1178,1326.04,13,2,Warangal,11.83,0,0,0,528,1307.32,0.014,0.355,58.42,10636.31,POS,Mobile,0,0.1247
TX00681,C1201,689.19,12,3,Vijayawada,12.89,0,0,0,1464,579.38,0.19,0.051,35.34,2446.78,Online,POS,0,0.2817
TX00178,C1006,618.96,16,7,Visakhapatnam,8.41,0,0,0,1491,705.96,0.123,0.304,39.79,3858.19,Online,Web,0,0.1604
TX00396,C1300,1071.83,18,8,Vijayawada,21.78,0,0,0,2824,879.08,0.219,0.18,17.99,7845.73,ATM,ATM,0,0.1366
TX00912,C1252,19228.94,0,29,Dubai,750.01,1,0,3,1097,791.16,23.305,0.779,9.26,15290.32,Online,Web,1,1.2576
TX00794,C1170,1109.56,16,3,Vijayawada,7.65,0,0,0,2499,1090.79,0.017,0.129,53.41,14798.15,POS,Web,0,0.075
TX00961,C1118,78132.76,0,34,London,2840.75,1,1,8,941,1224.87,62.788,0.844,13.27,143402.6,ATM,Web,1,0.5448
TX00685,C1101,704.74,13,4,Vijayawada,12.46,0,0,2,2102,646.15,0.091,0.186,48.44,2938.43,Online,ATM,0,0.2398
TX00384,C1009,742.68,20,1,Warangal,4.12,0,0,0,1270,789.01,0.059,0.268,55.85,5661.27,Online,Mobile,0,0.1312
TX00957,C1300,37582.93,3,22,Singapore,4305.43,1,1,6,477,691.47,53.352,0.904,12.58,37653.04,Online,ATM,1,0.9981
TX00752,C1019,861.42,18,5,Visakhapatnam,5.68,0,0,0,871,938.22,0.082,0.169,53.03,11679.06,Online,Mobile,0,0.0738
TX00258,C1196,2009.66,10,3,Guntur,4.31,0,0,0,1442,2023.11,0.007,0.235,54.55,26604.04,ATM,Web,0,0.0755
TX00539,C1122,726.46,15,4,Visakhapatnam,9.41,0,0,0,1759,759.5,0.044,0.32,60.24,5116.86,Online,Mobile,0,0.142
TX00336,C1077,613.76,9,5,Visakhapatnam,12.3,0,0,0,2102,619.09,0.009,0.252,24.78,9135.84,Online,Mobile,0,0.0672
TX00016,C1082,568.93,10,6,Warangal,0.5,0,0,0,2000,559.5,0.017,0.294,26.44,8443.19,POS,POS,0,0.0674
TX00325,C1228,645.29,21,5,Warangal,5.42,0,1,0,1198,539.21,0.197,0.125,35.36,6614.79,POS,Web,0,0.0976
TX00759,C1142,1407.18,17,3,Visakhapatnam,13.68,0,0,1,1994,1318.22,0.067,0.199,29.38,16551.81,Online,POS,0,0.085
TX00223,C1077,582.94,8,1,Warangal,4.03,0,0,1,2046,534.28,0.091,0.218,51.59,3709.55,POS,Mobile,0,0.1571
TX00180,C1114,1781.68,13,4,Visakhapatnam,3.16,0,0,0,295,1460.6,0.22,0.149,12.21,6635.77,Online,Mobile,0,0.2685
TX00984,C1257,14161.38,4,18,Singapore,7792.62,1,1,3,15,799.6,16.711,0.55,19.75,28249.14,Online,POS,1,0.5013
TX00023,C1072,675.56,12,3,Hyderabad,2.87,0,0,0,1637,639.6,0.056,0.271,33.97,2138.92,ATM,Mobile,0,0.3158
TX00357,C1215,456.74,14,7,Visakhapatnam,9.72,0,0,0,774,455.48,0.003,0.361,55.63,4381.25,POS,POS,0,0.1042
TX00667,C1088,350.81,11,1,Hyderabad,6.6,0,0,0,1861,308.31,0.138,0.041,30.31,3432.73,POS,ATM,0,0.1022
TX00862,C1241,1294.96,15,6,Vijayawada,4.0,0,0,0,1039,1203.35,0.076,0.44,16.77,13212.18,POS,Web,0,0.098
TX00341,C1048,627.34,11,5,Vijayawada,10.66,0,0,1,837,623.52,0.006,0.176,42.63,5250.86,Online,ATM,0,0.1195
TX00432,C1198,1042.03,10,4,Warangal,13.62,0,0,0,1056,1099.12,0.052,0.168,45.0,6441.29,POS,Mobile,0,0.1618
TX00552,C1014,320.07,21,4,Vijayawada,7.0,0,0,0,1579,300.63,0.065,0.15,54.87,2966.86,POS,Web,0,0.1079
TX00834,C1041,491.29,20,2,Guntur,22.57,0,0,0,796,459.36,0.07,0.089,45.75,6699.61,POS,Web,0,0.0733
TX00204,C1161,805.18,12,5,Guntur,7.84,0,0,0,1070,760.44,0.059,0.339,62.01,10078.44,Online,Mobile,0,0.0799
TX00631,C1068,848.2,13,4,Guntur,8.27,0,0,0,2144,782.04,0.085,0.044,42.0,7893.88,Online,Mobile,0,0.1075
TX00094,C1061,421.31,16,2,Warangal,12.71,0,0,0,729,460.79,0.086,0.089,42.99,4952.18,POS,ATM,0,0.0851
TX00559,C1269,447.46,8,6,Warangal,0.5,0,0,0,853,494.95,0.096,0.242,50.33,2048.26,Online,POS,0,0.2185
TX00069,C1283,433.75,16,6,Guntur,4.57,0,0,0,185,457.98,0.053,0.163,56.29,4241.54,Online,ATM,0,0.1023
TX00623,C1183,924.27,17,3,Hyderabad,23.78,0,0,1,2464,1073.88,0.139,0.099,63.33,5962.72,Online,Web,0,0.155
TX00285,C1177,2169.63,13,9,Guntur,1.23,0,0,0,1506,2010.49,0.079,0.214,66.6,12615.58,POS,Web,0,0.172
TX00845,C1277,1003.75,11,5,Hyderabad,8.35,1,0,1,1236,842.06,0.192,0.037,58.45,9625.11,POS,Web,0,0.1043
TX00435,C1136,1278.09,21,4,Warangal,3.23,0,0,0,271,1370.03,0.067,0.275,47.9,11873.45,POS,Mobile,0,0.1076
TX00154,C1178,511.1,17,3,Visakhapatnam,31.71,0,0,0,990,424.97,0.203,0.267,35.57,2464.31,Online,Web,0,0.2074
TX00076,C1184,920.44,12,6,Warangal,14.7,0,0,0,1230,818.83,0.124,0.229,58.97,4499.4,Online,Mobile,0,0.2046
TX00731,C1118,769.6,14,4,Visakhapatnam,8.47,0,0,0,1539,702.48,0.096,0.288,48.71,4834.2,Online,POS,0,0.1592
TX00447,C1271,563.21,20,2,Warangal,2.51,0,0,0,1644,608.83,0.075,0.216,47.66,7514.28,POS,Mobile,0,0.075
TX00189,C1289,138.9,12,5,Visakhapatnam,8.34,0,0,0,1106,111.84,0.242,0.122,43.45,1000.0,POS,Mobile,0,0.1389
TX00272,C1009,1488.61,17,3,Visakhapatnam,0.5,0,0,0,829,1675.47,0.112,0.278,30.64,5604.52,Online,Web,0,0.2656
TX00237,C1098,1015.28,18,5,Visakhapatnam,5.78,0,0,0,2502,1064.51,0.046,0.156,38.42,8123.8,POS,Mobile,0,0.125
TX00488,C1288,1463.81,19,5,Guntur,6.35,0,0,0,394,1529.58,0.043,0.022,28.48,9513.19,Online,POS,0,0.1539
TX00118,C1240,1058.1,15,4,Guntur,21.43,0,0,0,2127,956.59,0.106,0.119,68.61,3509.84,POS,ATM,0,0.3015
TX00944,C1289,67631.97,5,28,London,6847.54,1,1,8,782,279.51,240.963,0.859,15.0,69373.4,Online,POS,1,0.9749
TX00513,C1147,954.26,20,4,Hyderabad,13.59,0,0,0,1375,1057.8,0.098,0.21,34.64,3698.89,POS,ATM,0,0.258
TX00826,C1111,728.9,19,8,Hyderabad,12.79,0,0,0,1830,848.19,0.141,0.188,46.84,4522.96,Online,Web,0,0.1612
TX00592,C1106,1238.55,16,2,Visakhapatnam,3.71,0,1,0,2262,961.02,0.289,0.34,32.29,12444.83,POS,Mobile,0,0.0995
TX00127,C1296,825.18,16,5,Warangal,12.58,0,0,0,1353,603.24,0.368,0.169,73.73,8635.86,POS,Web,0,0.0956
TX00117,C1183,456.59,19,3,Hyderabad,9.24,0,0,0,1367,413.67,0.104,0.28,45.16,3016.53,Online,Web,0,0.1514
TX00474,C1293,1215.51,13,5,Visakhapatnam,7.77,0,0,0,2277,1045.75,0.162,0.13,58.32,8976.17,POS,ATM,0,0.1354
TX00694,C1255,483.44,20,4,Hyderabad,11.69,0,0,0,2669,455.85,0.061,0.228,71.73,6510.83,ATM,ATM,0,0.0743
TX00058,C1199,852.18,17,3,Visakhapatnam,8.37,1,0,0,800,992.6,0.141,0.177,45.63,9579.77,POS,Mobile,0,0.089
TX00864,C1238,820.54,18,6,Visakhapatnam,11.76,0,0,0,1064,734.53,0.117,0.085,30.63,3138.7,Online,Mobile,0,0.2614
TX00913,C1012,47729.47,3,21,Dubai,2593.28,1,1,3,1188,520.13,90.764,0.778,14.14,22346.13,Online,Mobile,1,2.1359
TX00370,C1100,529.75,21,6,Visakhapatnam,1.2,0,0,0,2709,403.75,0.312,0.223,61.09,3345.18,Online,Mobile,0,0.1584
TX00269,C1010,806.79,11,5,Vijayawada,12.83,0,0,0,964,788.21,0.024,0.162,49.3,5038.14,Online,Mobile,0,0.1601
TX00047,C1143,2003.48,15,2,Guntur,7.06,0,1,1,2322,1758.9,0.139,0.064,17.65,18853.76,Online,POS,0,0.1063
TX00350,C1212,1186.87,14,2,Guntur,12.75,0,0,0,2780,1260.63,0.059,0.213,29.93,12956.21,Online,POS,0,0.0916
TX00196,C1007,384.7,21,2,Hyderabad,14.3,0,0,0,771,388.54,0.01,0.106,46.46,4799.49,POS,Web,0,0.0802
TX01000,C1159,20781.59,2,14,Dubai,2299.09,1,1,5,1006,929.76,21.352,0.945,11.92,14105.25,Online,Web,1,1.4733
TX00835,C1053,839.56,14,3,Guntur,16.72,0,0,0,2987,978.0,0.142,0.088,61.35,8473.96,Online,POS,0,0.0991
TX00737,C1229,1242.0,18,5,Visakhapatnam,0.91,0,0,0,1841,1251.32,0.007,0.206,78.05,13930.93,Online,Mobile,0,0.0892
TX00264,C1183,1009.02,10,3,Hyderabad,9.13,0,0,0,664,1101.71,0.084,0.302,44.18,11360.24,ATM,POS,0,0.0888
TX00444,C1008,684.62,8,4,Vijayawada,0.51,0,0,0,2649,391.01,0.751,0.382,59.16,6206.99,POS,Web,0,0.1103
TX00676,C1230,250.54,16,6,Hyderabad,10.42,0,1,0,2013,264.12,0.051,0.07,47.17,2293.93,Online,POS,0,0.1092
TX00305,C1244,772.04,17,6,Visakhapatnam,5.31,1,0,0,250,844.53,0.086,0.081,22.5,6653.98,POS,Mobile,0,0.116
TX00342,C1182,863.24,12,4,Guntur,1.51,0,0,0,2799,929.27,0.071,0.075,42.98,7215.14,Online,POS,0,0.1196
TX00967,C1277,34959.9,2,25,Unknown,5766.32,1,1,5,556,842.45,40.498,0.55,17.07,13468.15,Online,Web,1,2.5957
TX00150,C1292,817.47,15,4,Vijayawada,5.11,0,0,0,936,912.55,0.104,0.057,30.02,11748.15,ATM,Mobile,0,0.0696
TX00125,C1170,1037.13,18,3,Hyderabad,10.28,1,0,0,2089,930.74,0.114,0.357,39.13,15028.05,POS,POS,0,0.069
TX00787,C1191,675.66,17,4,Hyderabad,3.75,1,0,0,335,884.6,0.236,0.562,40.02,7108.55,POS,Mobile,0,0.095
TX00051,C1086,1553.65,10,4,Vijayawada,2.48,0,0,0,356,1250.06,0.243,0.131,55.1,20983.72,POS,POS,0,0.074
TX00354,C1275,1056.98,12,5,Warangal,14.57,0,0,1,1953,942.54,0.121,0.341,52.99,7517.5,Online,POS,0,0.1406
TX00928,C1241,26613.14,2,26,London,7553.46,1,1,6,238,841.11,30.641,0.797,3.75,33639.14,Online,Mobile,1,0.7911
TX00143,C1183,781.32,11,2,Warangal,17.71,0,0,0,896,869.96,0.102,0.396,73.72,9593.65,POS,ATM,0,0.0814
TX00471,C1212,1212.57,12,6,Guntur,13.98,0,0,0,835,1192.54,0.017,0.073,37.38,12963.56,Online,ATM,0,0.0935
TX00400,C1021,491.36,15,3,Visakhapatnam,11.79,0,0,0,2231,550.89,0.108,0.174,77.68,6990.43,ATM,Mobile,0,0.0703
TX00626,C1049,582.02,16,3,Vijayawada,13.32,0,0,0,663,583.82,0.003,0.039,31.8,4932.57,Online,POS,0,0.118
TX00321,C1044,534.83,14,6,Hyderabad,8.74,0,0,0,2733,510.85,0.047,0.115,43.29,6191.0,POS,Mobile,0,0.0864
TX00020,C1039,404.07,10,1,Guntur,6.61,0,0,0,1178,396.79,0.018,0.056,63.24,4632.87,Online,Mobile,0,0.0872
TX00810,C1179,682.5,18,7,Visakhapatnam,4.33,0,0,0,1586,785.22,0.131,0.046,41.67,6576.78,Online,POS,0,0.1038
TX00791,C1093,966.99,14,3,Vijayawada,4.36,0,0,0,764,857.36,0.128,0.12,51.37,11547.7,POS,Mobile,0,0.0837
TX00809,C1036,950.32,9,3,Warangal,4.58,1,0,0,760,968.74,0.019,0.294,46.63,3492.21,POS,POS,0,0.2721
TX00408,C1093,1603.17,14,3,Guntur,2.1,0,0,0,1446,1813.29,0.116,0.23,33.21,16087.08,POS,Mobile,0,0.0997
TX00538,C1044,757.38,11,3,Guntur,6.91,0,0,0,211,843.97,0.103,0.437,44.74,6206.92,POS,Web,0,0.122
TX00621,C1130,1032.47,11,2,Visakhapatnam,7.72,0,0,0,1151,1031.62,0.001,0.147,42.11,14248.97,ATM,POS,0,0.0725
TX00039,C1239,942.01,15,2,Guntur,16.24,0,0,0,928,1008.17,0.066,0.366,64.66,3951.17,Online,Web,0,0.2384
TX00176,C1101,336.79,19,3,Hyderabad,10.35,0,0,0,1549,355.28,0.052,0.218,35.33,4986.95,Online,Mobile,0,0.0675
TX00246,C1234,1027.8,17,1,Guntur,3.4,0,0,0,2219,841.04,0.222,0.26,61.84,15198.51,POS,ATM,0,0.0676
TX00829,C1108,319.16,13,4,Visakhapatnam,8.55,0,0,0,2066,350.04,0.088,0.151,30.3,3578.36,POS,Mobile,0,0.0892
TX00668,C1122,1090.2,21,2,Guntur,7.85,0,0,0,188,1385.82,0.213,0.117,38.15,7059.48,POS,ATM,0,0.1544
TX00755,C1101,1483.68,13,4,Visakhapatnam,2.96,0,0,0,454,1553.9,0.045,0.409,39.59,16597.0,POS,ATM,0,0.0894
TX00859,C1130,430.15,21,3,Warangal,28.54,0,0,0,1335,462.8,0.071,0.201,46.35,2165.0,POS,POS,0,0.1987
TX00155,C1078,1099.07,20,2,Vijayawada,3.5,0,0,0,555,986.72,0.114,0.085,43.98,15318.66,Online,Web,0,0.0717
TX00288,C1167,769.64,12,3,Vijayawada,4.0,0,0,0,196,739.49,0.041,0.097,12.34,8572.23,Online,Web,0,0.0898
TX00603,C1122,1037.73,15,3,Hyderabad,23.29,0,0,0,1901,1047.72,0.01,0.105,29.92,15133.82,Online,ATM,0,0.0686
TX00570,C1273,1203.43,9,6,Guntur,9.79,0,0,1,1887,1140.89,0.055,0.326,13.03,9558.8,Online,Web,0,0.1259
TX00744,C1281,207.03,12,4,Hyderabad,11.87,0,0,2,1736,194.68,0.063,0.413,29.03,2516.99,Online,Web,0,0.0823
TX00018,C1188,959.86,15,2,Vijayawada,13.83,0,0,0,1293,884.35,0.085,0.185,12.33,5447.44,Online,Web,0,0.1762
TX00128,C1022,1557.25,18,2,Hyderabad,1.49,0,0,0,945,1347.25,0.156,0.348,51.66,9931.43,Online,Web,0,0.1568
TX00323,C1059,854.53,14,1,Vijayawada,10.54,0,0,1,1487,978.11,0.126,0.203,62.42,8290.55,POS,Mobile,0,0.1031
TX00256,C1121,444.37,13,3,Hyderabad,15.57,0,0,0,2830,520.28,0.146,0.555,80.88,3522.42,Online,POS,0,0.1262
TX00658,C1065,995.06,17,4,Guntur,6.34,0,0,0,2422,1054.34,0.056,0.049,28.83,9412.51,POS,Web,0,0.1057
TX00965,C1147,30847.15,1,11,New York,1787.23,1,1,7,669,727.1,41.425,0.814,8.88,16057.72,POS,Web,1,1.921
TX00191,C1200,789.79,14,3,Visakhapatnam,5.79,0,0,0,1504,797.32,0.009,0.171,48.93,11193.85,Online,Web,0,0.0706
TX00116,C1231,1586.06,13,5,Guntur,25.8,1,0,0,1006,1487.84,0.066,0.124,29.25,6941.89,ATM,Web,0,0.2285
TX00617,C1047,1296.19,12,3,Guntur,15.02,0,0,0,2083,1316.82,0.016,0.251,38.63,19441.85,POS,Mobile,0,0.0667
TX00607,C1214,746.49,11,3,Warangal,6.49,0,0,0,1219,503.1,0.484,0.083,57.2,9258.91,POS,Web,0,0.0806
TX00181,C1259,1250.74,11,3,Hyderabad,7.51,0,0,0,1823,1057.21,0.183,0.261,72.2,4040.2,Online,Mobile,0,0.3096
TX00302,C1281,469.87,11,2,Vijayawada,1.42,0,0,0,2811,557.33,0.157,0.186,48.82,6054.71,Online,Mobile,0,0.0776
TX00760,C1104,1238.96,12,5,Warangal,2.98,0,0,0,928,1126.7,0.1,0.207,31.29,12742.67,POS,ATM,0,0.0972
TX00713,C1093,636.13,14,3,Hyderabad,3.75,0,0,0,2308,620.67,0.025,0.235,64.18,8412.82,POS,Mobile,0,0.0756
TX00724,C1058,543.56,12,3,Warangal,8.64,0,0,0,1374,607.57,0.105,0.047,60.74,6523.94,Online,Mobile,0,0.0833
TX00686,C1008,892.51,22,1,Hyderabad,7.23,0,0,0,2674,953.83,0.064,0.232,58.62,6743.71,POS,ATM,0,0.1323
TX00980,C1219,12480.94,23,12,Unknown,5545.46,1,1,4,496,949.43,12.146,0.678,11.9,13416.1,POS,Mobile,1,0.9303
TX00518,C1243,906.92,11,3,Hyderabad,13.02,0,0,0,1170,874.04,0.038,0.1,56.81,7821.32,ATM,Web,0,0.116
TX00985,C1025,31599.58,0,24,London,1644.0,1,1,5,451,561.73,55.254,0.944,19.59,38293.23,Online,Mobile,1,0.8252
TX00046,C1125,1036.86,16,7,Hyderabad,14.52,0,0,0,313,1002.67,0.034,0.143,62.1,4110.52,Online,POS,0,0.2522
TX00910,C1156,18093.79,2,38,New York,2652.41,0,1,8,775,665.39,26.193,0.874,21.76,14661.9,POS,Mobile,1,1.2341
TX00158,C1026,272.13,12,4,Warangal,2.27,0,0,0,1567,285.18,0.046,0.149,43.09,3860.22,Online,Mobile,0,0.0705
TX00852,C1026,1733.52,17,3,Guntur,6.1,0,0,1,2179,1658.79,0.045,0.3,17.37,17816.65,Online,Mobile,0,0.0973
TX00172,C1057,969.72,10,2,Hyderabad,18.12,0,0,0,504,988.21,0.019,0.016,45.29,13654.89,POS,Web,0,0.071
TX00017,C1136,625.4,12,5,Vijayawada,5.77,1,0,0,1443,614.01,0.019,0.07,67.87,8061.56,Online,Web,0,0.0776
TX00512,C1071,3217.56,15,4,Visakhapatnam,9.69,0,0,0,1527,2871.51,0.121,0.431,25.9,21067.22,Online,POS,0,0.1527
TX00049,C1292,2372.81,12,5,Visakhapatnam,13.66,0,0,0,2182,2456.01,0.034,0.386,44.49,18558.54,POS,Mobile,0,0.1279
TX00972,C1286,34067.46,2,18,Unknown,689.87,1,1,5,77,1190.24,27.622,0.95,8.81,50400.72,POS,Mobile,1,0.6759
TX00941,C1005,26673.79,2,23,Unknown,672.47,1,1,4,402,820.48,31.51,0.55,15.91,37748.87,Online,Mobile,1,0.7066
TX00516,C1048,587.1,16,3,Vijayawada,3.31,1,0,0,1558,604.16,0.028,0.041,26.36,3487.46,Online,Mobile,0,0.1683
TX00953,C1071,21672.84,3,37,London,2023.59,1,1,4,1041,416.84,50.993,0.55,9.99,20720.44,Online,Mobile,1,1.046
TX00481,C1080,395.25,14,2,Hyderabad,24.34,0,0,0,2279,338.32,0.168,0.11,32.9,1247.61,Online,Mobile,0,0.3168
TX00284,C1233,397.33,12,5,Warangal,20.52,0,0,0,812,379.45,0.047,0.061,67.04,5033.9,POS,POS,0,0.0789
TX00719,C1232,926.09,11,5,Warangal,9.06,0,0,0,1637,872.84,0.061,0.259,10.35,12108.6,Online,Mobile,0,0.0765
TX00878,C1181,819.27,16,3,Vijayawada,8.31,0,0,0,2587,957.55,0.144,0.398,31.48,11379.99,POS,Mobile,0,0.072
TX00226,C1091,689.29,11,4,Guntur,5.09,0,0,0,697,733.77,0.061,0.58,37.15,7213.09,Online,Mobile,0,0.0956
TX00027,C1075,544.1,9,3,Warangal,13.07,0,0,0,810,601.29,0.095,0.381,47.94,6828.78,Online,Mobile,0,0.0797
TX00955,C1247,22383.2,3,23,Singapore,7333.21,1,0,7,43,512.88,42.642,0.958,10.46,38037.6,ATM,POS,1,0.5884
TX00438,C1081,349.89,15,4,Warangal,8.54,0,0,0,1021,323.18,0.083,0.158,45.1,1208.81,Online,ATM,0,0.2894
TX00952,C1130,50702.5,4,12,New York,790.41,1,1,8,233,980.23,50.725,0.866,11.23,47883.11,Online,Mobile,1,1.0589
TX00365,C1203,1192.82,19,3,Guntur,0.86,0,0,0,2173,913.34,0.306,0.215,44.86,15234.05,Online,ATM,0,0.0783
TX00230,C1084,686.63,20,2,Visakhapatnam,1.21,0,0,0,186,786.83,0.127,0.315,59.24,10153.96,Online,ATM,0,0.0676
TX00038,C1153,610.48,8,6,Vijayawada,4.67,0,0,0,1756,515.15,0.185,0.153,48.53,5659.12,Online,Mobile,0,0.1079
TX00966,C1127,19007.99,5,17,Unknown,6831.29,1,1,7,995,936.3,19.301,0.579,12.82,33537.21,Online,Web,1,0.5668
TX00375,C1031,1128.21,19,4,Visakhapatnam,24.94,0,0,0,2963,1206.66,0.065,0.213,56.27,10812.98,POS,Mobile,0,0.1043
TX00470,C1138,792.65,9,6,Vijayawada,4.12,0,0,0,2637,791.94,0.001,0.116,59.18,4302.14,ATM,Web,0,0.1842
TX00968,C1120,20324.54,3,36,Singapore,5871.67,1,1,7,817,628.92,31.316,0.915,20.87,12528.24,Online,Web,1,1.6223
TX00851,C1121,479.32,15,10,Vijayawada,0.6,0,0,0,1487,480.82,0.003,0.179,46.65,2058.69,Online,Web,0,0.2328
TX00705,C1037,610.49,14,3,Warangal,9.59,0,0,0,2522,570.61,0.07,0.287,51.54,8912.77,ATM,Web,0,0.0685
TX00842,C1204,804.35,21,9,Vijayawada,4.79,0,0,0,2750,598.76,0.343,0.177,52.98,7114.49,Online,POS,0,0.1131
TX00195,C1262,822.09,19,3,Guntur,10.48,0,0,0,1255,912.48,0.099,0.127,39.55,8641.36,POS,ATM,0,0.0951
TX00855,C1090,457.22,15,2,Warangal,3.34,0,0,0,1104,444.0,0.03,0.23,40.18,6112.77,Online,Mobile,0,0.0748
TX00865,C1130,715.02,17,5,Vijayawada,2.58,0,0,0,738,765.05,0.065,0.158,67.56,2488.64,Online,Web,0,0.2873
TX00504,C1073,450.79,11,5,Warangal,4.39,0,0,0,630,472.42,0.046,0.032,50.64,2702.21,POS,Mobile,0,0.1668
TX00970,C1131,22508.2,23,14,Singapore,7902.08,1,1,7,725,1378.95,15.323,0.697,12.6,31292.42,Online,POS,1,0.7193
TX00831,C1001,900.45,8,5,Hyderabad,5.42,0,0,1,894,1057.13,0.148,0.066,48.13,7104.09,POS,Mobile,0,0.1268
TX00580,C1007,652.44,11,3,Vijayawada,11.96,0,0,0,1458,738.45,0.116,0.12,30.59,8202.56,Online,Web,0,0.0795
TX00969,C1118,57597.54,2,24,Unknown,2496.98,1,0,3,902,732.18,77.666,0.906,9.79,29763.58,Online,Web,1,1.9352
TX00163,C1231,1144.79,18,1,Warangal,10.32,0,0,0,2503,998.37,0.147,0.039,39.61,8784.36,Online,POS,0,0.1303
TX00909,C1022,19137.14,2,29,Dubai,1996.13,1,0,9,868,1065.36,16.963,0.776,5.46,36602.51,Online,Mobile,1,0.5228
TX00153,C1225,715.41,11,2,Vijayawada,8.54,0,0,0,2382,656.87,0.089,0.547,65.35,9110.69,Online,POS,0,0.0785
TX00802,C1009,768.36,13,4,Warangal,15.5,0,0,1,763,711.42,0.08,0.239,59.61,9215.3,Online,Web,0,0.0834
TX00994,C1114,16716.09,3,32,Unknown,6071.66,1,1,8,981,480.65,33.778,0.75,11.18,21087.26,ATM,Web,1,0.7927
TX00756,C1006,673.62,13,6,Warangal,8.43,0,0,0,1920,602.96,0.117,0.198,50.74,8974.6,Online,Web,0,0.0751
TX00112,C1061,267.86,10,4,Guntur,8.96,0,0,0,1033,298.29,0.102,0.201,12.19,2072.29,Online,Mobile,0,0.1293
TX00227,C1050,540.27,9,3,Warangal,15.68,0,0,2,2869,561.93,0.039,0.327,44.94,6522.58,Online,Mobile,0,0.0828
TX00689,C1155,1764.27,21,3,Vijayawada,4.39,0,0,0,1260,1869.94,0.057,0.092,49.41,18887.68,POS,Mobile,0,0.0934
TX00104,C1178,638.77,12,6,Warangal,2.55,0,0,0,620,660.26,0.033,0.123,43.55,3796.52,Online,Mobile,0,0.1683
TX00422,C1138,1444.24,13,4,Warangal,10.35,1,0,0,653,1521.66,0.051,0.453,67.11,13349.16,POS,Mobile,0,0.1082
TX00420,C1004,1051.57,17,5,Warangal,4.48,0,0,0,519,840.21,0.252,0.078,53.48,10715.86,POS,ATM,0,0.0981
TX00751,C1080,900.18,18,5,Visakhapatnam,7.98,0,0,0,2217,797.9,0.128,0.038,44.21,5221.86,Online,Web,0,0.1724
TX00587,C1029,791.32,19,6,Hyderabad,0.6,0,1,0,1864,724.8,0.092,0.278,44.71,2900.96,POS,ATM,0,0.2728
TX00781,C1029,859.51,18,1,Visakhapatnam,11.57,0,0,0,2333,754.05,0.14,0.091,55.72,7575.03,Online,POS,0,0.1135
TX00673,C1202,597.65,9,7,Visakhapatnam,9.59,0,0,0,1164,684.7,0.127,0.053,71.23,3820.53,ATM,POS,0,0.1564
TX00120,C1192,922.79,13,3,Warangal,13.8,0,0,0,265,970.96,0.05,0.079,24.96,13207.74,POS,Mobile,0,0.0699
TX00054,C1065,1173.32,16,5,Hyderabad,11.8,0,0,0,827,1424.47,0.176,0.383,44.63,17536.51,POS,Web,0,0.0669
TX00152,C1144,673.5,12,5,Guntur,5.48,0,0,0,1401,712.76,0.055,0.262,54.48,4880.47,POS,Web,0,0.138
TX00404,C1185,999.05,12,1,Guntur,3.65,0,0,0,2465,1048.79,0.047,0.209,36.99,10425.25,Online,POS,0,0.0958
TX00946,C1151,55934.97,1,19,Unknown,1655.31,1,1,3,727,781.03,70.617,0.724,14.79,65141.4,Online,Mobile,1,0.8587
TX00208,C1295,1068.44,10,6,Warangal,10.03,0,0,0,921,1239.75,0.138,0.086,46.75,11339.07,POS,Mobile,0,0.0942
TX00659,C1105,403.97,19,9,Vijayawada,1.8,1,0,1,1711,375.05,0.077,0.383,48.66,2066.7,POS,Mobile,0,0.1955
TX00844,C1056,1390.64,12,3,Hyderabad,6.12,0,0,0,849,1269.87,0.095,0.129,43.08,11104.45,Online,Mobile,0,0.1252
TX00763,C1084,495.28,9,5,Hyderabad,12.66,0,0,0,958,460.7,0.075,0.259,10.0,5274.73,POS,Mobile,0,0.0939
TX00009,C1092,664.89,8,3,Warangal,3.34,0,0,0,780,764.79,0.131,0.442,35.46,4056.79,Online,Mobile,0,0.1639
TX00808,C1162,1033.4,18,3,Visakhapatnam,1.62,0,0,0,981,1015.05,0.018,0.356,57.47,6261.0,Online,Mobile,0,0.1651
TX00037,C1075,593.78,18,9,Warangal,5.48,0,0,0,1785,545.84,0.088,0.076,23.66,6781.21,Online,Mobile,0,0.0876
TX00453,C1071,481.27,19,5,Visakhapatnam,6.45,0,0,0,526,409.52,0.175,0.054,48.53,2610.79,POS,POS,0,0.1843
TX00652,C1174,204.2,13,2,Vijayawada,10.56,0,0,0,1161,216.17,0.055,0.119,44.05,2127.84,Online,Web,0,0.096
TX00254,C1287,752.1,11,6,Guntur,12.7,1,0,0,2671,865.86,0.131,0.362,20.18,4205.83,ATM,Mobile,0,0.1788
TX00304,C1058,1542.45,15,6,Warangal,15.01,0,0,0,1816,1523.94,0.012,0.016,29.62,20067.14,Online,Web,0,0.0769
TX00747,C1001,1770.15,21,6,Vijayawada,19.19,0,0,1,2242,1391.58,0.272,0.135,45.19,15515.22,POS,Web,0,0.1141
TX00572,C1127,690.3,11,3,Warangal,8.52,0,0,0,286,753.57,0.084,0.279,79.78,6258.86,Online,POS,0,0.1103
TX00624,C1261,786.19,10,6,Guntur,8.36,0,0,0,2681,863.35,0.089,0.442,55.39,3364.65,POS,Mobile,0,0.2337
TX00733,C1059,649.23,13,3,Warangal,4.97,0,0,0,1787,781.4,0.169,0.312,64.43,5108.83,POS,ATM,0,0.1271
TX00892,C1110,573.34,13,5,Hyderabad,11.89,0,0,0,274,610.11,0.06,0.388,43.39,1831.0,Online,Web,0,0.3131
TX00263,C1176,329.29,10,4,Visakhapatnam,2.33,0,1,0,2483,344.84,0.045,0.106,41.08,4491.41,ATM,Mobile,0,0.0733
TX00611,C1061,412.6,18,4,Visakhapatnam,2.91,0,0,0,1162,406.64,0.015,0.34,41.78,5553.64,POS,Mobile,0,0.0743
TX00298,C1159,2842.6,17,4,Vijayawada,12.23,0,0,1,1806,2724.0,0.044,0.252,50.46,33066.17,POS,Mobile,0,0.086
TX00415,C1056,1350.56,11,5,Visakhapatnam,22.15,0,0,0,2261,1269.99,0.063,0.129,51.41,18342.91,POS,ATM,0,0.0736
TX00151,C1162,458.02,13,4,Visakhapatnam,6.61,0,0,1,2384,385.14,0.189,0.209,51.44,5742.7,ATM,Mobile,0,0.0798
TX00789,C1180,408.56,9,3,Warangal,12.77,0,0,1,970,430.35,0.051,0.184,43.09,5170.65,Online,Web,0,0.079
TX00641,C1297,752.79,15,6,Guntur,13.06,0,0,0,1002,731.88,0.029,0.221,61.5,9272.79,POS,Web,0,0.0812
TX00890,C1023,1235.85,15,3,Hyderabad,5.59,1,0,0,2558,1383.84,0.107,0.113,43.8,12760.55,ATM,Mobile,0,0.0968
TX00551,C1074,732.9,10,4,Vijayawada,12.18,0,0,1,2136,723.9,0.012,0.206,10.34,9141.64,Online,POS,0,0.0802
TX00887,C1081,855.02,14,6,Hyderabad,9.18,0,0,0,1316,872.57,0.02,0.102,15.61,12399.71,Online,POS,0,0.069
TX00489,C1057,536.91,14,3,Hyderabad,11.89,0,0,0,1820,647.59,0.171,0.254,49.75,3087.24,Online,Mobile,0,0.1739
TX00148,C1135,961.24,9,4,Visakhapatnam,1.23,0,0,0,623,937.36,0.025,0.272,31.21,9965.99,POS,Web,0,0.0965
TX00147,C1250,1506.09,15,3,Visakhapatnam,3.41,0,0,0,1472,1811.23,0.168,0.35,47.04,11567.29,ATM,POS,0,0.1302
TX00721,C1044,433.86,10,6,Hyderabad,4.81,1,0,0,1921,434.45,0.001,0.208,36.33,6040.81,POS,ATM,0,0.0718
TX00932,C1149,14077.61,0,23,Singapore,6722.79,1,1,3,484,1163.75,11.097,0.606,8.85,22522.75,Online,Mobile,1,0.625
TX00740,C1250,469.77,13,2,Visakhapatnam,8.84,0,0,0,760,424.35,0.107,0.245,53.58,3374.72,Online,ATM,0,0.1392
TX00660,C1293,956.71,16,3,Visakhapatnam,7.67,0,0,1,212,1060.29,0.098,0.268,42.54,8272.03,Online,ATM,0,0.1157
TX00349,C1280,266.06,17,2,Vijayawada,8.04,1,0,0,1528,264.34,0.007,0.084,57.8,2616.51,Online,Web,0,0.1017
TX00464,C1284,321.54,18,2,Guntur,3.32,0,0,0,240,377.05,0.147,0.543,50.07,2761.98,Online,POS,0,0.1164
TX00326,C1164,675.87,16,6,Warangal,3.91,0,0,0,1156,541.05,0.249,0.473,28.24,3623.03,ATM,Web,0,0.1865
TX00187,C1125,1053.65,20,3,Guntur,7.28,0,0,0,1686,1005.93,0.047,0.167,42.39,4698.69,POS,POS,0,0.2242
TX00124,C1269,1197.05,14,8,Warangal,8.86,0,0,0,1669,922.77,0.297,0.332,57.05,9068.06,POS,Mobile,0,0.132
TX00854,C1297,594.0,11,5,Hyderabad,3.31,0,0,0,1131,586.46,0.013,0.097,74.5,4291.82,POS,Web,0,0.1384
TX00609,C1209,862.48,11,4,Visakhapatnam,11.79,0,0,0,1328,756.39,0.14,0.1,42.47,12524.52,ATM,Mobile,0,0.0689
TX00144,C1019,826.97,10,5,Visakhapatnam,2.98,0,0,0,1942,874.93,0.055,0.36,25.53,4645.38,Online,Mobile,0,0.178
TX00959,C1179,30707.95,5,30,New York,2344.62,1,1,6,649,967.99,30.723,0.701,23.54,20988.22,Online,Mobile,1,1.4631
TX00198,C1124,886.09,18,4,Hyderabad,8.66,0,0,0,2593,784.26,0.13,0.022,47.84,8577.04,POS,Mobile,0,0.1033
TX00610,C1164,884.46,15,5,Vijayawada,1.32,0,0,0,1787,734.63,0.204,0.084,68.94,10467.67,Online,ATM,0,0.0845
TX00280,C1127,1253.31,12,5,Guntur,17.74,0,0,0,1993,1259.14,0.005,0.209,39.09,13072.75,ATM,Mobile,0,0.0959
TX00294,C1048,552.73,10,2,Guntur,28.18,0,0,0,1616,502.37,0.1,0.293,35.37,4465.47,Online,POS,0,0.1238
TX00401,C1136,376.72,14,5,Visakhapatnam,16.45,0,0,0,997,369.55,0.019,0.14,44.93,2736.69,ATM,Mobile,0,0.1377
TX00123,C1003,551.91,11,3,Warangal,9.5,0,0,0,1512,489.1,0.128,0.378,59.89,1883.15,POS,Web,0,0.2931
TX00184,C1247,540.61,16,5,Warangal,6.17,0,0,0,2645,502.26,0.076,0.092,30.45,4409.35,Online,Mobile,0,0.1226
TX00203,C1151,762.27,15,4,Warangal,5.0,0,0,0,284,754.79,0.01,0.208,45.73,8190.49,Online,Mobile,0,0.0931
TX00439,C1287,510.37,13,5,Warangal,9.49,0,0,0,1870,525.88,0.03,0.231,46.83,1650.79,Online,Mobile,0,0.3092
TX00247,C1261,724.9,13,6,Guntur,5.13,0,0,0,1815,631.95,0.147,0.301,52.76,2244.33,Online,Mobile,0,0.323
TX00416,C1250,606.3,12,4,Guntur,12.97,0,0,0,1626,534.58,0.134,0.6,46.24,5654.89,Online,Mobile,0,0.1072
TX00933,C1289,22543.71,4,21,Dubai,7670.71,1,1,6,829,794.16,27.387,0.858,9.81,40455.18,Online,POS,1,0.5573
TX00766,C1083,661.15,13,3,Vijayawada,10.78,0,0,0,2705,586.35,0.128,0.013,43.81,5638.7,POS,Mobile,0,0.1173
TX00907,C1197,53041.65,5,27,Singapore,6838.62,1,1,4,151,848.69,61.499,0.86,11.88,75151.54,Online,Mobile,1,0.7058
TX00836,C1055,248.87,11,10,Guntur,7.07,0,0,0,2461,239.46,0.039,0.151,31.98,3676.23,POS,ATM,0,0.0677
TX00888,C1152,631.73,13,4,Vijayawada,12.42,0,0,0,1342,659.21,0.042,0.285,72.65,7647.04,Online,Mobile,0,0.0826
TX00130,C1060,465.41,18,9,Vijayawada,16.32,0,0,0,1344,402.13,0.157,0.325,24.87,6029.75,Online,Web,0,0.0772
TX00638,C1203,1175.23,14,3,Hyderabad,28.17,0,0,0,2898,1194.86,0.016,0.264,59.56,16607.19,POS,POS,0,0.0708
TX00403,C1193,790.38,8,1,Guntur,10.12,0,0,0,2809,774.93,0.02,0.267,24.42,8793.15,Online,ATM,0,0.0899
TX00785,C1123,1366.33,19,3,Vijayawada,8.15,0,0,0,2282,1443.17,0.053,0.108,64.37,4933.82,POS,POS,0,0.2769
TX00771,C1270,494.37,15,7,Vijayawada,4.22,0,0,0,932,550.91,0.103,0.089,35.51,6822.08,Online,POS,0,0.0725
TX00736,C1076,1059.67,15,4,Warangal,5.8,0,0,0,2482,1047.88,0.011,0.084,31.2,12244.68,POS,Mobile,0,0.0865
TX00914,C1255,21914.1,4,12,Unknown,1192.78,1,0,3,610,1072.48,19.433,0.925,7.98,12268.24,Online,Mobile,1,1.7862
TX00220,C1289,456.54,10,4,Vijayawada,3.81,0,0,0,2147,350.74,0.302,0.163,49.14,1621.06,POS,POS,0,0.2816
TX00642,C1205,820.25,8,4,Warangal,8.64,0,0,0,984,999.91,0.18,0.312,76.29,4598.24,ATM,POS,0,0.1784
TX00916,C1256,39825.84,4,25,Unknown,5829.45,1,1,9,440,876.27,44.449,0.846,17.24,30220.34,Online,ATM,1,1.3178
TX00753,C1296,563.81,12,5,Guntur,8.16,0,0,1,1508,553.97,0.018,0.258,67.33,5672.94,Online,ATM,0,0.0994
TX00807,C1033,560.38,16,7,Vijayawada,7.8,0,0,1,800,536.29,0.045,0.359,36.53,8048.35,Online,Web,0,0.0696
TX00920,C1073,60307.38,0,28,New York,3913.58,1,1,8,965,1067.95,55.47,0.626,14.98,34500.59,Online,Web,1,1.748
TX00625,C1005,402.08,10,6,Visakhapatnam,11.19,0,0,0,1931,402.64,0.001,0.107,53.21,2412.18,ATM,Mobile,0,0.1667
TX00875,C1008,781.64,20,4,Guntur,4.43,0,0,0,2133,733.94,0.065,0.041,57.87,10984.58,POS,Mobile,0,0.0712
TX00761,C1270,473.59,20,7,Visakhapatnam,2.1,0,0,0,2861,517.83,0.085,0.034,45.16,3297.28,ATM,Mobile,0,0.1436
TX00387,C1183,572.84,11,3,Visakhapatnam,10.24,0,0,0,551,569.46,0.006,0.182,38.93,8397.0,POS,ATM,0,0.0682
TX00973,C1246,11989.48,23,22,Unknown,3575.13,1,1,4,801,1171.92,9.231,0.97,17.56,5100.61,ATM,Web,1,2.3506
TX00510,C1105,1138.66,16,6,Warangal,2.23,0,0,0,1010,1114.48,0.022,0.11,40.19,6248.99,POS,ATM,0,0.1822
TX00268,C1006,423.71,16,2,Warangal,11.43,0,0,0,1788,394.51,0.074,0.457,10.81,4209.86,Online,Web,0,0.1006
TX00820,C1140,385.8,14,7,Warangal,8.86,1,0,0,310,347.84,0.109,0.098,78.36,1167.88,Online,ATM,0,0.3303
TX00442,C1189,927.75,17,2,Vijayawada,9.94,0,0,0,1444,932.14,0.005,0.043,22.42,10146.01,POS,Web,0,0.0914
TX00497,C1024,495.53,16,3,Guntur,1.45,0,0,0,2266,471.95,0.05,0.175,76.06,3817.23,POS,Mobile,0,0.1298
TX00113,C1117,789.74,20,7,Warangal,8.14,0,0,0,2172,1001.09,0.211,0.068,35.71,5185.89,Online,Mobile,0,0.1523
TX00692,C1193,272.59,15,9,Warangal,5.11,0,0,0,2332,289.81,0.059,0.167,62.04,2344.43,Online,POS,0,0.1163
TX00233,C1144,1495.84,10,2,Guntur,2.82,0,0,0,1761,1516.93,0.014,0.075,48.24,21189.3,ATM,Web,0,0.0706
TX00870,C1012,499.09,14,5,Warangal,21.07,0,0,0,752,465.74,0.072,0.192,32.67,6123.91,Online,ATM,0,0.0815
TX00608,C1060,1886.64,17,8,Warangal,15.21,0,0,1,1648,2332.68,0.191,0.022,68.45,7382.35,POS,Mobile,0,0.2556
TX00672,C1076,370.45,19,4,Warangal,5.8,0,0,0,1524,447.33,0.172,0.194,46.11,3508.47,POS,POS,0,0.1056
TX00374,C1096,1719.81,12,2,Hyderabad,3.75,0,0,0,2220,1228.27,0.4,0.133,58.82,19662.84,POS,ATM,0,0.0875
TX00982,C1081,64150.38,5,21,Unknown,2898.58,1,1,5,445,940.91,67.179,0.792,14.32,59080.24,POS,Mobile,1,1.0858
TX00843,C1194,1313.79,15,7,Hyderabad,26.37,0,0,0,839,1052.44,0.248,0.036,77.56,16882.29,Online,Mobile,0,0.0778
TX00234,C1030,1458.45,15,4,Visakhapatnam,3.03,0,0,0,1194,1212.14,0.203,0.028,38.39,11191.01,POS,Web,0,0.1303
TX00786,C1233,525.61,17,5,Vijayawada,4.26,0,0,0,2368,440.12,0.194,0.298,34.52,2359.04,POS,POS,0,0.2228
TX00677,C1219,877.67,13,3,Hyderabad,6.8,0,0,0,2102,701.15,0.252,0.318,40.5,11224.97,POS,Web,0,0.0782
TX00318,C1113,780.01,16,3,Guntur,6.35,0,0,1,312,444.29,0.756,0.15,42.6,11469.29,Online,Web,0,0.068
TX00649,C1040,388.14,20,4,Visakhapatnam,2.56,0,0,2,1039,385.75,0.006,0.147,64.4,3433.21,POS,Mobile,0,0.1131
TX00411,C1124,588.75,14,4,Guntur,16.27,0,0,0,2767,526.53,0.118,0.247,29.38,3860.51,Online,POS,0,0.1525
TX00899,C1058,1404.96,10,6,Hyderabad,16.5,0,0,0,1503,1282.5,0.095,0.12,39.25,12971.09,POS,Mobile,0,0.1083
TX00710,C1200,1511.99,17,3,Vijayawada,7.45,0,1,0,1232,1287.92,0.174,0.115,66.91,4814.0,Online,ATM,0,0.3141
TX00359,C1248,835.18,15,4,Hyderabad,4.03,0,1,0,1150,790.56,0.056,0.276,43.01,6565.32,Online,ATM,0,0.1272
TX00259,C1071,1081.89,10,3,Vijayawada,25.2,0,1,1,2788,1030.76,0.05,0.214,50.51,7416.42,Online,POS,0,0.1459
TX00745,C1215,1120.68,18,6,Warangal,4.15,0,0,0,1752,1153.69,0.029,0.289,30.5,6151.6,POS,Web,0,0.1822
TX00628,C1142,576.04,16,4,Warangal,2.27,0,1,0,1501,486.29,0.185,0.124,39.04,7136.08,POS,Web,0,0.0807
TX00633,C1124,1384.86,16,6,Warangal,3.46,0,0,1,2884,1625.93,0.148,0.141,61.79,4645.8,Online,ATM,0,0.2981
TX00283,C1081,841.16,19,4,Hyderabad,9.13,0,0,0,2564,903.51,0.069,0.376,42.51,11629.13,ATM,Mobile,0,0.0723
TX00377,C1012,677.87,15,6,Vijayawada,6.89,0,0,0,2713,635.14,0.067,0.138,51.34,6303.43,POS,Mobile,0,0.1075
TX00385,C1215,777.3,13,1,Vijayawada,6.53,0,0,0,1284,745.05,0.043,0.569,50.81,4680.88,POS,ATM,0,0.1661
TX00225,C1084,886.61,12,3,Vijayawada,9.45,0,0,0,2165,733.31,0.209,0.118,54.08,10047.03,ATM,Mobile,0,0.0882
TX00954,C1061,10283.3,3,24,Unknown,4398.08,1,1,7,1172,397.72,24.856,0.651,10.4,12572.72,Online,ATM,1,0.8179
TX00815,C1008,386.23,10,6,Guntur,13.56,0,0,0,740,463.43,0.167,0.075,55.22,2775.85,POS,POS,0,0.1391
TX00473,C1121,802.12,14,5,Warangal,16.46,0,1,0,1871,903.96,0.113,0.205,37.85,6465.14,POS,Mobile,0,0.1241
TX00348,C1004,705.57,13,4,Vijayawada,8.09,0,0,0,1655,588.94,0.198,0.121,44.7,2597.2,POS,Mobile,0,0.2717
TX00506,C1147,934.78,10,5,Visakhapatnam,3.18,0,0,1,2998,1120.65,0.166,0.141,27.96,9717.68,POS,Mobile,0,0.0962
TX00640,C1047,689.45,12,3,Warangal,1.87,1,0,0,2589,701.07,0.017,0.297,49.74,7713.55,POS,Mobile,0,0.0894
TX00988,C1188,60197.1,1,18,Singapore,4322.11,1,1,5,1124,701.63,84.796,0.691,13.15,93083.38,Online,Mobile,1,0.6467
TX00929,C1113,45187.31,1,22,London,4693.57,1,1,5,1182,1070.47,41.213,0.882,2.0,76543.49,Online,Mobile,1,0.5903
TX00906,C1222,47745.74,0,33,London,3099.57,0,1,6,427,1763.33,26.077,0.743,11.48,28893.8,ATM,Web,1,1.6525
TX00620,C1204,999.65,9,5,Visakhapatnam,22.89,0,0,0,2411,1013.61,0.014,0.099,36.76,6715.87,Online,Web,0,0.1488
TX00856,C1208,550.14,13,6,Warangal,15.92,0,0,0,1860,543.1,0.013,0.325,49.64,1701.66,POS,POS,0,0.3233
TX00804,C1167,983.89,13,7,Guntur,4.2,0,0,1,2527,954.87,0.03,0.293,47.57,12100.95,POS,Mobile,0,0.0813
TX00646,C1241,402.01,15,6,Hyderabad,10.53,0,0,0,1599,397.6,0.011,0.17,45.83,2882.42,Online,Mobile,0,0.1395
TX00847,C1143,1633.39,14,2,Visakhapatnam,9.47,0,0,0,2228,1620.82,0.008,0.102,42.82,7136.13,Online,Mobile,0,0.2289
TX00557,C1198,947.73,18,9,Warangal,10.75,0,0,0,1622,1006.18,0.058,0.523,12.24,6083.75,POS,Mobile,0,0.1558
TX00958,C1082,26768.45,5,30,London,5797.02,0,0,4,535,824.0,31.486,0.786,14.51,24022.02,POS,Mobile,1,1.1143
TX00578,C1278,736.43,14,1,Visakhapatnam,2.68,0,0,0,634,632.4,0.165,0.327,46.68,6494.06,Online,POS,0,0.1134
TX00796,C1131,1264.06,12,3,Vijayawada,9.74,0,0,0,1436,1227.9,0.029,0.322,29.73,9997.31,ATM,Mobile,0,0.1264
TX00086,C1109,430.46,18,3,Vijayawada,16.38,0,0,0,906,447.43,0.038,0.106,28.37,4775.74,Online,POS,0,0.0901
TX00243,C1202,1006.25,10,4,Hyderabad,5.27,0,0,0,2749,1054.28,0.046,0.124,38.33,4883.32,ATM,POS,0,0.2061
TX00699,C1075,725.24,11,4,Hyderabad,20.85,0,0,0,1976,660.83,0.097,0.08,41.07,2793.34,Online,Web,0,0.2596
TX00160,C1168,1047.59,12,3,Vijayawada,2.28,0,0,0,2626,1023.66,0.023,0.052,63.11,12960.82,Online,Mobile,0,0.0808
TX00525,C1116,953.86,15,6,Visakhapatnam,16.67,0,0,0,1012,995.28,0.042,0.108,17.88,7110.99,POS,Mobile,0,0.1341
TX00036,C1230,1020.58,18,4,Vijayawada,7.03,0,0,2,1080,1075.19,0.051,0.279,44.97,14339.57,ATM,Web,0,0.0712
TX00541,C1022,612.98,21,6,Guntur,0.73,0,0,0,983,608.29,0.008,0.152,19.58,5324.44,Online,ATM,0,0.1151
TX00171,C1160,879.75,13,4,Hyderabad,14.42,0,1,0,268,998.0,0.118,0.384,53.42,2956.37,ATM,ATM,0,0.2976
TX00655,C1233,1004.33,14,6,Warangal,4.69,0,0,0,2312,849.61,0.182,0.296,58.98,10555.12,POS,Mobile,0,0.0952
TX00891,C1188,1269.43,15,4,Hyderabad,4.43,0,0,0,1199,1110.46,0.143,0.054,37.16,5340.82,POS,Mobile,0,0.2377
TX00858,C1160,1334.94,18,5,Visakhapatnam,1.76,0,0,0,1914,1168.17,0.143,0.154,40.07,12542.76,POS,Mobile,0,0.1064
TX00848,C1213,886.04,11,5,Vijayawada,13.12,0,0,0,823,902.77,0.019,0.394,65.43,2915.68,Online,Mobile,0,0.3039
TX00945,C1222,41498.23,2,34,Dubai,7277.84,1,1,4,479,879.89,46.163,0.55,13.52,68392.54,Online,Mobile,1,0.6068
TX00734,C1142,257.13,13,5,Warangal,4.85,0,0,0,1865,256.75,0.001,0.205,56.17,2490.14,Online,Mobile,0,0.1033
TX00096,C1137,1872.45,15,2,Visakhapatnam,7.1,0,0,0,1787,1837.81,0.019,0.196,42.04,14555.72,Online,Web,0,0.1286
TX00564,C1027,781.46,18,3,Vijayawada,2.14,0,0,0,591,668.15,0.17,0.077,72.25,11039.99,POS,ATM,0,0.0708
TX00241,C1189,2349.87,17,8,Guntur,1.27,0,0,1,2884,2639.17,0.11,0.344,46.71,28391.31,Online,Web,0,0.0828
TX00743,C1090,1016.64,11,1,Guntur,9.02,0,0,0,1444,881.72,0.153,0.233,11.76,8836.7,Online,Mobile,0,0.115
TX00575,C1031,908.9,10,7,Warangal,10.45,0,0,0,2585,994.27,0.086,0.036,38.75,3514.33,POS,POS,0,0.2586
TX00691,C1206,859.55,10,5,Warangal,19.42,0,0,0,529,818.08,0.051,0.075,37.65,12550.07,Online,Web,0,0.0685
TX00461,C1173,1786.3,11,3,Vijayawada,3.33,0,0,0,1319,1716.15,0.041,0.153,45.05,9724.35,POS,POS,0,0.1837
TX00554,C1245,385.63,14,4,Guntur,6.98,0,0,0,1180,315.33,0.223,0.286,58.55,3716.44,POS,Mobile,0,0.1038
TX00889,C1011,1423.33,8,3,Guntur,6.45,0,0,0,1654,1601.8,0.111,0.286,27.59,8658.9,POS,Web,0,0.1644
TX00207,C1203,594.94,19,5,Hyderabad,1.91,0,0,0,1275,685.86,0.133,0.178,34.99,2162.15,Online,Mobile,0,0.2752
TX00393,C1106,357.16,15,5,Vijayawada,2.44,0,0,0,852,400.29,0.108,0.373,20.83,2652.13,POS,POS,0,0.1347
TX00795,C1238,1157.03,10,8,Warangal,9.04,0,0,0,681,1074.62,0.077,0.072,41.07,15291.11,Online,POS,0,0.0757
TX00398,C1124,605.89,16,2,Warangal,4.51,0,0,0,2201,690.24,0.122,0.081,51.47,4942.51,POS,Mobile,0,0.1226
TX00767,C1177,644.32,14,9,Vijayawada,16.25,0,0,0,1398,543.17,0.186,0.097,62.04,5537.07,Online,Web,0,0.1164
TX00849,C1264,399.75,7,4,Visakhapatnam,4.12,0,0,0,1339,406.68,0.017,0.203,47.37,2470.5,Online,ATM,0,0.1618
TX00218,C1010,567.59,22,3,Visakhapatnam,2.67,0,0,0,626,577.67,0.017,0.258,57.62,4735.89,Online,ATM,0,0.1198
TX00005,C1029,999.55,16,3,Vijayawada,2.08,0,0,0,2149,793.29,0.26,0.052,62.92,4276.28,POS,Mobile,0,0.2337
TX00769,C1083,671.4,20,3,Vijayawada,3.66,0,0,0,2301,785.15,0.145,0.077,33.61,9171.91,POS,ATM,0,0.0732
TX00643,C1105,491.05,12,7,Guntur,8.64,0,0,0,2067,423.08,0.161,0.134,65.18,6150.01,POS,Web,0,0.0798
TX00930,C1200,22991.92,5,23,Unknown,5014.18,1,1,4,625,523.84,42.891,0.672,10.54,45276.19,Online,Mobile,1,0.5078
TX00613,C1206,527.15,11,3,Vijayawada,6.21,0,0,2,1107,478.27,0.102,0.222,40.2,4467.1,Online,POS,0,0.118
TX00739,C1203,1425.69,18,7,Warangal,12.44,0,0,0,1812,1543.1,0.076,0.139,50.91,17391.26,Online,ATM,0,0.082
TX00547,C1139,1095.65,18,1,Visakhapatnam,0.91,0,0,0,1082,984.05,0.113,0.114,10.86,13247.38,POS,POS,0,0.0827
TX00726,C1017,773.63,19,3,Guntur,7.81,0,0,0,1900,847.1,0.087,0.081,41.58,10368.75,Online,Mobile,0,0.0746
TX00684,C1010,809.55,16,2,Vijayawada,2.1,0,0,0,233,781.64,0.036,0.01,41.83,4510.02,POS,POS,0,0.1795
TX00099,C1091,464.83,18,3,Vijayawada,4.43,0,0,2,2032,511.91,0.092,0.162,42.97,4741.92,POS,ATM,0,0.098
TX00805,C1163,1011.86,22,2,Warangal,4.54,0,0,0,2816,1120.69,0.097,0.248,33.51,9767.11,POS,Mobile,0,0.1036
TX00728,C1052,676.38,8,7,Hyderabad,0.54,0,0,0,2345,731.87,0.076,0.209,43.96,6795.73,Online,Web,0,0.0995
TX00574,C1028,791.71,9,4,Visakhapatnam,2.92,0,0,0,1492,758.81,0.043,0.252,46.67,3942.53,POS,POS,0,0.2008
TX00407,C1125,927.7,13,3,Vijayawada,7.48,0,0,0,1036,910.23,0.019,0.127,52.9,6936.77,Online,Mobile,0,0.1337
TX00503,C1275,458.0,13,4,Hyderabad,18.37,0,0,0,2627,456.75,0.003,0.074,40.21,5018.47,POS,Web,0,0.0913
TX00048,C1106,519.54,10,1,Warangal,22.61,0,0,0,1399,504.0,0.031,0.267,56.62,6297.53,Online,Mobile,0,0.0825
TX00033,C1108,1091.53,20,2,Guntur,7.56,0,0,0,492,1078.78,0.012,0.211,54.56,9350.86,POS,POS,0,0.1167
TX00780,C1203,679.17,22,5,Vijayawada,13.23,0,0,0,1519,620.63,0.094,0.289,54.62,8707.62,Online,POS,0,0.078
TX00840,C1007,827.27,11,5,Visakhapatnam,5.3,0,0,0,2695,1034.1,0.2,0.158,32.83,7756.35,Online,Web,0,0.1067
TX00201,C1141,808.27,15,3,Visakhapatnam,2.27,0,0,2,2478,819.55,0.014,0.212,64.01,5993.71,POS,Web,0,0.1349
TX00135,C1250,611.86,8,6,Hyderabad,7.24,1,0,0,497,549.36,0.114,0.316,60.99,8100.7,Online,Mobile,0,0.0755
TX00028,C1031,1375.77,9,4,Visakhapatnam,8.74,0,0,1,358,1533.36,0.103,0.048,47.21,4760.48,ATM,POS,0,0.289
TX00881,C1004,676.94,12,4,Vijayawada,2.81,1,0,0,1631,636.43,0.064,0.162,57.64,7983.02,Online,Mobile,0,0.0848
TX00231,C1216,681.13,13,5,Vijayawada,19.55,0,0,0,1967,863.74,0.211,0.043,30.46,2675.53,Online,Web,0,0.2546
TX00490,C1150,455.12,21,5,Guntur,15.29,0,0,0,1095,416.28,0.093,0.29,74.55,1569.56,Online,ATM,0,0.29
TX00773,C1257,1414.87,15,3,Hyderabad,2.65,0,0,0,2286,1514.96,0.066,0.259,60.2,16594.91,POS,Mobile,0,0.0853
TX00379,C1160,909.46,16,6,Guntur,12.27,0,0,0,2920,769.48,0.182,0.235,10.0,12879.9,Online,ATM,0,0.0706
TX00289,C1024,918.75,14,4,Guntur,2.93,0,0,0,2783,1021.31,0.1,0.311,51.2,4211.66,POS,POS,0,0.2181
TX00419,C1144,953.27,12,3,Visakhapatnam,20.43,0,0,0,649,857.38,0.112,0.135,24.75,3551.21,POS,Mobile,0,0.2684
TX00675,C1116,656.6,21,2,Visakhapatnam,14.56,0,0,0,481,577.29,0.137,0.068,18.97,9467.5,Online,Mobile,0,0.0694
TX00392,C1284,282.94,21,3,Warangal,6.55,0,0,0,871,257.72,0.098,0.12,53.3,2069.64,Online,ATM,0,0.1367
TX00593,C1134,1265.95,19,4,Vijayawada,3.56,0,0,0,877,1418.0,0.107,0.111,44.58,15543.66,ATM,POS,0,0.0814
TX00499,C1085,1002.28,10,5,Warangal,5.91,0,0,0,1194,1039.25,0.036,0.292,29.44,13279.73,Online,Mobile,0,0.0755
TX00139,C1160,480.04,13,6,Warangal,17.18,0,0,1,2722,465.3,0.032,0.161,45.82,1965.95,POS,ATM,0,0.2442
TX00063,C1175,485.1,12,5,Guntur,14.38,0,0,0,2666,433.77,0.118,0.028,71.68,7103.17,ATM,Web,0,0.0683
TX00472,C1261,799.16,12,6,Guntur,3.31,0,0,0,679,695.76,0.149,0.03,34.3,8261.28,POS,POS,0,0.0967
TX00648,C1012,703.01,19,12,Warangal,18.99,0,0,1,1284,713.57,0.015,0.059,35.77,9252.17,ATM,Web,0,0.076
TX00129,C1208,660.59,16,2,Guntur,2.14,0,0,0,2509,645.82,0.023,0.165,17.94,7620.77,POS,POS,0,0.0867
TX00977,C1242,33804.76,23,20,Unknown,2389.22,1,1,6,535,882.9,37.288,0.703,13.94,10715.4,Online,Mobile,1,3.1548
TX00521,C1032,1137.57,13,3,Visakhapatnam,1.88,0,0,0,2272,1080.75,0.053,0.184,80.93,16735.69,Online,Mobile,0,0.068
TX00839,C1082,596.6,15,6,Guntur,7.16,0,0,1,1044,636.26,0.062,0.039,54.41,1874.42,Online,Web,0,0.3183
TX00963,C1021,18954.46,4,26,Unknown,1428.84,0,1,7,177,979.75,18.346,0.915,12.59,14548.88,Online,Mobile,1,1.3028
TX00065,C1183,497.33,18,4,Guntur,5.04,0,0,0,1310,427.65,0.163,0.27,49.09,1602.81,POS,Mobile,0,0.3103
TX00813,C1010,314.49,20,5,Hyderabad,3.3,0,0,0,1803,308.61,0.019,0.081,80.82,1921.77,POS,Mobile,0,0.1636
TX00015,C1150,806.32,14,5,Vijayawada,4.78,0,0,0,2635,796.12,0.013,0.095,40.31,7676.46,Online,Mobile,0,0.105
TX00157,C1228,611.57,13,3,Vijayawada,4.58,0,0,0,381,724.0,0.155,0.133,23.71,5566.36,Online,Mobile,0,0.1099
TX00041,C1126,822.26,21,5,Visakhapatnam,19.22,0,0,0,1657,873.14,0.058,0.083,29.55,12200.67,POS,Mobile,0,0.0674
TX00493,C1072,418.9,19,3,Hyderabad,7.38,0,0,0,619,422.65,0.009,0.063,32.46,1464.6,POS,Web,0,0.286
TX00380,C1230,1120.04,18,3,Guntur,12.22,0,0,0,355,1014.16,0.104,0.06,55.12,9486.98,Online,Mobile,0,0.1181
TX00188,C1176,684.17,11,2,Vijayawada,6.15,0,0,0,830,678.28,0.009,0.25,38.85,6613.25,Online,Mobile,0,0.1035
TX00764,C1128,1727.67,17,8,Vijayawada,7.46,1,0,0,198,1871.37,0.077,0.285,88.14,10423.42,Online,ATM,0,0.1657
TX00217,C1060,556.98,16,7,Hyderabad,9.61,0,0,0,2176,589.99,0.056,0.026,45.31,1883.4,ATM,Mobile,0,0.2957
TX00792,C1188,948.33,9,6,Hyderabad,13.15,0,0,0,491,879.68,0.078,0.159,55.2,12805.48,Online,Mobile,0,0.0741
TX00053,C1031,556.33,20,7,Visakhapatnam,6.71,0,0,0,2095,564.57,0.015,0.215,30.45,5519.55,Online,POS,0,0.1008
TX00879,C1207,993.25,12,1,Hyderabad,6.89,0,0,0,2498,1144.85,0.132,0.311,63.14,10954.6,Online,Mobile,0,0.0907
TX00338,C1286,579.47,13,4,Vijayawada,11.75,0,0,0,2733,639.08,0.093,0.289,22.81,4046.93,POS,POS,0,0.1432
TX00749,C1064,484.0,12,4,Vijayawada,2.48,1,0,0,2568,457.21,0.059,0.177,29.45,3858.46,ATM,Web,0,0.1254
TX00720,C1048,427.87,12,7,Vijayawada,12.69,0,0,0,2132,390.13,0.097,0.131,24.42,4278.3,Online,Mobile,0,0.1
TX00725,C1056,1824.44,15,5,Warangal,3.84,0,0,0,2909,1388.42,0.314,0.377,42.21,5485.03,POS,Mobile,0,0.3326
TX00296,C1171,710.46,20,3,Hyderabad,5.49,0,0,0,1598,819.18,0.133,0.063,19.37,8157.31,Online,POS,0,0.0871
TX00702,C1223,617.01,14,7,Visakhapatnam,13.9,0,0,0,1670,601.93,0.025,0.069,49.69,7428.47,POS,Web,0,0.0831
TX00252,C1127,714.52,17,3,Warangal,23.79,0,0,0,2864,673.65,0.061,0.183,49.53,5074.63,Online,Mobile,0,0.1408
TX00727,C1158,735.14,15,5,Visakhapatnam,5.75,0,0,0,1941,808.61,0.091,0.095,46.59,2850.0,Online,Mobile,0,0.2579
TX00462,C1245,897.83,16,8,Guntur,7.36,0,0,0,1924,983.44,0.087,0.036,52.69,2778.61,Online,Mobile,0,0.3231
TX00456,C1081,364.36,16,4,Warangal,1.85,0,0,1,2738,290.15,0.256,0.161,58.29,1258.66,POS,Mobile,0,0.2895
TX00997,C1198,27915.77,4,22,New York,5799.61,1,1,6,714,703.08,38.705,0.723,14.56,33547.06,Online,Mobile,1,0.8321
TX00816,C1093,1255.89,20,4,Visakhapatnam,7.59,1,1,0,1990,1365.56,0.08,0.327,26.72,16109.14,POS,Web,0,0.078
TX00863,C1066,729.38,12,5,Visakhapatnam,10.12,0,0,1,1994,557.52,0.308,0.271,51.97,2834.6,POS,Web,0,0.2573
TX00270,C1274,760.84,16,3,Warangal,13.97,0,0,0,488,790.66,0.038,0.503,57.03,10894.68,Online,ATM,0,0.0698
TX00202,C1098,902.55,16,6,Visakhapatnam,5.96,0,0,0,1122,842.03,0.072,0.361,54.94,6634.21,Online,ATM,0,0.136
TX00162,C1260,2788.37,10,2,Guntur,1.89,0,0,0,2407,2422.61,0.151,0.143,40.98,13805.9,POS,Mobile,0,0.202
TX00556,C1264,534.88,14,5,Guntur,8.1,0,0,0,1499,509.38,0.05,0.298,24.32,5204.13,Online,Mobile,0,0.1028
TX00730,C1033,545.42,15,3,Visakhapatnam,3.7,0,0,0,1239,544.39,0.002,0.078,37.23,6372.06,POS,Web,0,0.0856
TX00402,C1182,455.01,14,3,Hyderabad,7.46,0,0,0,1541,367.01,0.24,0.226,26.74,2551.17,POS,POS,0,0.1784
TX00703,C1011,587.47,11,5,Warangal,16.25,0,0,0,1786,581.81,0.01,0.335,61.73,2215.9,ATM,Mobile,0,0.2651
TX00477,C1198,913.42,9,2,Visakhapatnam,9.14,0,0,0,1348,1000.21,0.087,0.129,56.93,6006.53,Online,Mobile,0,0.1521
TX00822,C1216,336.63,14,5,Vijayawada,12.48,0,0,0,1738,330.94,0.017,0.337,53.19,4786.32,Online,Mobile,0,0.0703
TX00772,C1078,430.3,12,5,Vijayawada,5.58,0,0,2,2341,424.01,0.015,0.212,61.54,5130.83,Online,ATM,0,0.0839
TX00106,C1173,819.84,15,2,Visakhapatnam,6.45,0,0,0,470,781.66,0.049,0.222,27.91,7431.33,POS,ATM,0,0.1103
TX00566,C1146,809.31,15,3,Vijayawada,5.81,0,0,0,1901,791.68,0.022,0.133,87.79,7528.5,Online,Mobile,0,0.1075
TX00390,C1038,988.04,15,3,Hyderabad,6.22,0,0,1,894,1130.3,0.126,0.237,23.43,11850.77,Online,Mobile,0,0.0834
TX00002,C1013,835.75,17,4,Hyderabad,22.26,0,0,0,1158,682.66,0.224,0.167,50.03,12458.08,POS,POS,0,0.0671
TX00938,C1169,49917.32,2,11,London,4694.32,0,1,9,28,1040.57,46.971,0.877,6.15,67733.79,Online,Mobile,1,0.737
TX00983,C1081,10029.84,4,36,London,6640.27,1,1,7,769,1188.92,7.436,0.669,10.24,15129.32,Online,ATM,1,0.6629
TX00562,C1022,936.19,13,2,Hyderabad,14.32,0,0,0,2070,911.15,0.027,0.217,62.15,5584.54,Online,Mobile,0,0.1676
TX00081,C1123,1491.32,15,3,Hyderabad,6.07,1,0,0,1799,1855.91,0.196,0.077,47.94,10161.36,Online,Mobile,0,0.1468
TX00206,C1012,1139.46,19,5,Warangal,4.26,0,0,0,2136,1310.65,0.131,0.227,51.87,13048.9,Online,Web,0,0.0873
TX00035,C1217,503.5,13,1,Hyderabad,6.27,0,0,1,1798,588.24,0.144,0.105,22.55,3346.2,Online,Mobile,0,0.1505
TX00776,C1105,1114.34,13,2,Hyderabad,13.56,0,0,0,2272,864.85,0.288,0.167,19.15,3654.93,POS,Web,0,0.3049
TX00509,C1049,986.57,16,5,Warangal,12.99,0,0,0,1214,1037.26,0.049,0.013,45.42,6704.99,Online,ATM,0,0.1471
TX00428,C1220,442.79,19,3,Guntur,7.08,0,0,0,795,471.61,0.061,0.058,19.49,4484.45,Online,Mobile,0,0.0987
TX00455,C1165,1300.09,10,6,Guntur,4.01,0,0,1,2204,1210.09,0.074,0.253,47.02,12494.58,Online,Web,0,0.1041
TX00367,C1141,572.65,20,3,Hyderabad,18.03,1,0,1,2215,429.58,0.333,0.103,67.32,7838.58,Online,ATM,0,0.0731
TX00092,C1251,310.87,8,5,Hyderabad,6.65,0,0,0,826,338.58,0.082,0.122,50.35,3599.16,POS,ATM,0,0.0864
TX00340,C1157,203.36,16,2,Hyderabad,3.32,0,0,0,2775,213.88,0.049,0.046,50.7,1158.02,POS,Web,0,0.1756
TX00898,C1032,837.5,11,7,Warangal,1.76,0,0,0,1900,904.27,0.074,0.151,34.63,9063.33,POS,Web,0,0.0924
TX00565,C1033,2385.27,11,4,Warangal,3.31,0,0,0,2714,2673.68,0.108,0.153,42.56,35479.47,Online,Mobile,0,0.0672
TX00346,C1007,677.12,16,4,Hyderabad,14.37,0,0,0,931,727.62,0.069,0.208,58.94,3426.81,Online,POS,0,0.1976
TX00777,C1248,407.05,14,4,Visakhapatnam,2.97,1,0,0,1357,372.18,0.094,0.061,25.68,2193.03,POS,Mobile,0,0.1856
TX00242,C1177,1165.36,14,3,Hyderabad,6.78,0,0,0,2030,1189.04,0.02,0.102,63.39,16232.75,POS,Web,0,0.0718
TX00014,C1055,721.7,12,5,Visakhapatnam,11.95,0,0,0,2033,760.46,0.051,0.157,33.25,6438.8,Online,POS,0,0.1121
TX00316,C1159,539.27,11,2,Guntur,2.17,0,0,0,2539,501.66,0.075,0.311,43.8,6709.65,POS,POS,0,0.0804
TX00601,C1123,1133.92,11,4,Guntur,21.61,0,0,2,1213,871.16,0.302,0.305,46.4,8925.68,Online,Mobile,0,0.127
TX00388,C1049,675.46,17,6,Vijayawada,1.34,0,0,0,279,750.4,0.1,0.112,56.89,5160.68,Online,Mobile,0,0.1309
TX00274,C1079,926.22,16,6,Visakhapatnam,10.65,1,0,0,427,807.9,0.146,0.474,22.04,10649.06,Online,Web,0,0.087
TX00167,C1262,1069.56,13,2,Guntur,23.88,0,0,0,2258,957.15,0.117,0.189,62.01,8371.7,Online,ATM,0,0.1278
TX00841,C1204,687.79,15,4,Warangal,3.4,0,0,0,1652,742.38,0.074,0.347,60.18,2355.08,POS,POS,0,0.292
TX00993,C1025,33973.45,4,19,New York,6777.13,1,0,5,1002,681.91,48.821,0.673,11.2,55128.6,POS,Mobile,1,0.6163
TX00647,C1010,803.16,16,5,Warangal,4.52,0,0,0,1588,720.45,0.115,0.017,27.98,11095.88,POS,Mobile,0,0.0724
TX00819,C1166,264.32,14,5,Warangal,12.64,0,0,0,2786,339.66,0.222,0.366,46.46,1814.29,POS,POS,0,0.1457
TX00485,C1106,446.92,9,2,Warangal,5.0,0,0,0,1174,409.91,0.09,0.168,42.48,1930.75,Online,Mobile,0,0.2315
TX00981,C1264,6831.63,2,12,New York,5993.4,1,0,9,872,1165.48,4.862,0.878,13.16,6371.99,Online,Mobile,1,1.0721
TX00505,C1014,488.5,9,1,Guntur,17.69,0,0,0,605,535.1,0.087,0.162,50.73,4331.91,Online,Web,0,0.1128
TX00832,C1051,673.95,7,4,Visakhapatnam,18.52,0,0,0,1835,701.62,0.039,0.436,52.78,8478.07,ATM,ATM,0,0.0795
TX00244,C1097,452.59,12,6,Vijayawada,5.25,0,0,0,1813,406.11,0.114,0.197,37.35,1757.42,POS,POS,0,0.2575
TX00567,C1192,1334.58,14,4,Vijayawada,12.97,0,0,0,404,1038.73,0.285,0.255,46.35,13517.4,Online,Mobile,0,0.0987
TX00876,C1285,1299.75,16,4,Vijayawada,14.02,0,0,0,1501,1197.6,0.085,0.355,54.53,6888.3,Online,Web,0,0.1887
TX00563,C1291,312.58,13,5,Visakhapatnam,11.56,0,0,1,650,285.02,0.097,0.158,43.65,4419.41,POS,Mobile,0,0.0707
TX00687,C1224,1246.07,9,3,Vijayawada,6.01,0,0,0,1957,1401.25,0.111,0.088,55.63,11686.22,ATM,Mobile,0,0.1066
TX00190,C1116,963.78,10,4,Visakhapatnam,3.86,0,0,0,1569,1076.33,0.105,0.224,72.42,6620.77,ATM,Mobile,0,0.1456
TX00783,C1200,721.88,11,5,Vijayawada,17.0,0,0,0,1070,816.94,0.116,0.072,59.65,6656.14,POS,ATM,0,0.1085
TX00700,C1020,913.04,12,4,Guntur,5.69,0,0,0,666,952.21,0.041,0.195,46.02,6608.11,POS,Mobile,0,0.1382
TX00476,C1152,553.15,19,5,Vijayawada,15.86,0,0,0,1971,602.95,0.083,0.366,20.9,6001.62,Online,POS,0,0.0922
TX00682,C1105,891.66,17,5,Guntur,3.68,0,0,0,1787,781.12,0.142,0.196,13.98,12841.58,ATM,Mobile,0,0.0694
TX00511,C1107,864.59,22,3,Guntur,2.97,1,0,0,2089,804.24,0.075,0.313,54.6,11636.46,POS,Mobile,0,0.0743
TX00059,C1092,1339.04,10,2,Vijayawada,6.66,0,0,2,1771,1114.08,0.202,0.237,79.69,11611.38,Online,Mobile,0,0.1153
TX00475,C1139,1320.0,12,7,Visakhapatnam,11.42,0,0,0,568,1329.92,0.007,0.067,46.35,8779.36,POS,ATM,0,0.1504
TX00561,C1091,2850.66,9,7,Guntur,6.63,0,0,0,215,2994.3,0.048,0.044,54.17,20217.4,Online,Web,0,0.141
TX00857,C1256,728.35,12,5,Visakhapatnam,16.78,0,0,0,2520,683.25,0.066,0.239,67.37,2546.88,Online,POS,0,0.286
TX00748,C1004,816.28,12,1,Guntur,2.49,0,0,0,1934,953.15,0.144,0.387,29.23,8101.74,POS,Web,0,0.1008
TX00253,C1086,664.43,16,6,Hyderabad,5.98,0,0,0,2620,562.35,0.182,0.197,45.42,5286.26,Online,ATM,0,0.1257
TX00022,C1081,1007.83,21,4,Hyderabad,7.78,0,0,1,2210,966.59,0.043,0.232,44.69,8824.18,Online,ATM,0,0.1142
TX00314,C1005,723.4,17,2,Guntur,7.84,0,0,0,1001,752.1,0.038,0.138,43.29,7949.99,Online,ATM,0,0.091
TX00460,C1045,574.4,16,3,Hyderabad,6.57,1,0,0,2343,619.34,0.073,0.251,63.94,5899.1,POS,ATM,0,0.0974
TX00161,C1076,991.93,18,3,Vijayawada,4.22,0,0,0,1269,954.07,0.04,0.031,56.17,10800.77,Online,Web,0,0.0918
TX00277,C1241,671.77,15,4,Visakhapatnam,5.89,1,0,0,951,525.39,0.279,0.215,30.64,2922.8,Online,POS,0,0.2298
TX00956,C1282,38559.11,1,27,Unknown,2178.87,1,1,9,857,1086.18,34.5,0.887,14.85,66693.69,Online,Mobile,1,0.5782
TX00192,C1092,635.09,20,5,Vijayawada,1.52,0,0,0,2230,633.02,0.003,0.112,30.19,3400.9,POS,Mobile,0,0.1867
TX00386,C1241,853.31,20,4,Guntur,7.59,0,0,0,2822,798.46,0.069,0.168,46.01,3269.99,Online,Mobile,0,0.261
TX00806,C1031,534.13,17,4,Vijayawada,4.44,0,0,0,373,570.01,0.063,0.242,54.9,5903.64,POS,Web,0,0.0905
TX00414,C1292,641.04,12,4,Hyderabad,18.48,0,0,0,2545,604.44,0.061,0.228,34.64,8422.08,POS,Mobile,0,0.0761
TX00492,C1162,510.28,21,4,Visakhapatnam,6.95,0,0,0,1175,560.96,0.09,0.37,53.56,3702.55,POS,ATM,0,0.1378
TX00344,C1134,909.79,16,2,Hyderabad,7.31,0,0,0,1710,1094.03,0.168,0.038,54.31,8130.61,Online,Web,0,0.1119
TX00770,C1285,1501.58,12,4,Guntur,25.46,0,0,0,900,1311.4,0.145,0.038,56.33,11235.66,Online,Mobile,0,0.1336
TX00309,C1021,558.98,20,4,Vijayawada,5.3,0,0,0,1447,551.16,0.014,0.034,24.38,5803.61,POS,Mobile,0,0.0963
TX00662,C1244,475.61,10,5,Vijayawada,7.21,0,0,1,2577,517.44,0.081,0.188,74.43,1706.22,Online,Mobile,0,0.2788
TX00131,C1047,299.88,13,6,Hyderabad,16.77,0,0,0,1619,336.59,0.109,0.354,52.67,3506.27,POS,POS,0,0.0855
TX00664,C1031,1242.75,14,8,Guntur,4.32,0,0,0,2614,1087.26,0.143,0.25,10.0,8122.03,POS,Mobile,0,0.153
TX00872,C1264,1035.95,14,5,Hyderabad,5.23,0,0,0,2891,1087.06,0.047,0.212,14.29,7934.28,POS,Mobile,0,0.1306
TX00100,C1102,468.25,18,4,Hyderabad,13.54,0,1,0,496,502.44,0.068,0.257,64.62,5535.69,Online,Mobile,0,0.0846
TX00373,C1283,703.49,20,3,Warangal,4.55,0,0,0,2235,695.7,0.011,0.047,41.85,8393.4,POS,POS,0,0.0838
TX00088,C1165,686.69,15,6,Hyderabad,5.03,0,0,0,1861,705.5,0.027,0.403,45.14,5017.64,Online,Web,0,0.1369
TX00459,C1040,698.29,19,2,Warangal,5.24,0,0,0,1998,600.4,0.163,0.215,29.51,10300.04,Online,Mobile,0,0.0678
TX00331,C1285,594.24,18,4,Vijayawada,6.12,0,0,0,2115,542.57,0.095,0.12,55.44,2692.67,ATM,Web,0,0.2207
TX00215,C1278,771.27,14,8,Vijayawada,9.8,0,0,0,2877,788.39,0.022,0.128,40.11,4347.1,Online,Web,0,0.1774
TX00467,C1224,817.96,17,5,Guntur,10.99,0,0,0,2197,949.83,0.139,0.354,42.12,8304.6,Online,Mobile,0,0.0985
TX00122,C1269,610.21,16,3,Guntur,4.06,0,0,0,2893,566.16,0.078,0.28,36.41,4156.93,Online,Mobile,0,0.1468
TX00615,C1240,622.06,12,4,Guntur,6.43,0,0,1,582,627.35,0.008,0.27,44.26,4656.78,POS,Web,0,0.1336
TX00021,C1190,605.04,17,5,Visakhapatnam,3.42,0,0,0,804,569.21,0.063,0.103,78.86,8095.19,POS,POS,0,0.0747
TX00701,C1036,291.76,17,6,Visakhapatnam,3.14,0,0,0,520,274.16,0.064,0.206,50.13,2264.83,Online,Web,0,0.1288
TX00072,C1049,547.65,11,6,Guntur,4.61,0,0,0,2808,628.49,0.129,0.031,40.51,7401.75,Online,Web,0,0.074
TX00107,C1222,737.81,15,3,Vijayawada,13.72,0,0,0,1338,732.74,0.007,0.095,49.0,11016.82,POS,Mobile,0,0.067
TX00271,C1131,1022.94,8,2,Hyderabad,1.82,0,0,0,2942,991.22,0.032,0.288,37.28,6763.3,Online,POS,0,0.1512
TX00861,C1100,295.52,19,1,Visakhapatnam,15.8,0,0,0,1121,274.8,0.075,0.088,39.14,1999.87,POS,Mobile,0,0.1478
TX00436,C1270,720.76,17,5,Hyderabad,7.5,0,0,1,1607,655.75,0.099,0.066,54.36,5312.15,POS,POS,0,0.1357
TX00103,C1222,1148.62,16,5,Visakhapatnam,8.45,0,0,0,2114,1257.7,0.087,0.174,43.0,11586.08,POS,Web,0,0.0991
